序号,股票代码,股票简称,公司名称,省份,城市,主营业务收入(202112),净利润(202112),员工人数,上市日期,招股书,公司财报,行业分类,产品类型,主营业务
1,000001,平安银行,平安银行股份有限公司,广东,深圳市,1693.83亿,363.36亿,40651,1991-04-03,--,,银行,商业银行业务,经有关监管机构批准的各项商业银行业务。
2,000002,万科A,万科企业股份有限公司,广东,深圳市,4527.98亿,380.70亿,139494,1991-01-29,--,,房地产开发,房地产、物业管理、投资咨询,房地产开发和物业服务。
3,000004,国华网安,深圳国华网安科技股份有限公司,广东,深圳市,--,--,264,1991-01-14,--,,生物医药,移动应用安全服务、移动互联网游戏,移动应用安全服务业务。
4,000005,ST星源,深圳世纪星源股份有限公司,广东,深圳市,--,--,629,1990-12-10,--,,环保工程、物业管理,酒店经营、物业管理、环保业务,绿色低碳城市社区建设相关的服务业务。
5,000006,深振业A,深圳市振业(集团)股份有限公司,广东,深圳市,--,--,397,1992-04-27,--,,房地产开发,房地产,从事房地产开发与销售。
6,000007,*ST全新,深圳市全新好股份有限公司,广东,深圳市,--,--,76,1992-04-13,--,,物业经营,物业管理及停车费、房屋租赁、一次性口罩、纳米胶囊、杀菌纸巾,物业管理和房屋租赁业等
7,000008,神州高铁,神州高铁技术股份有限公司,北京,北京市,--,--,2394,1992-05-07,--,,轨道交通设备,轨道交通,专业致力于提供轨道交通运营检修装备与数据、线路运营、维保服务。
8,000009,中国宝安,中国宝安集团股份有限公司,广东,深圳市,176.06亿,17.59亿,14335,1991-06-25,--,,综合,高新技术产业、生物医药、房地产,高新技术产业、生物医药产业、房地产及其他产业。
9,000010,美丽生态,深圳美丽生态股份有限公司,广东,深圳市,--,--,278,1995-10-27,--,,园林工程,燃气销售服务、园林建设、园林设计、苗木销售,工程施工、园林绿化及环境综合整治。
10,000011,深物业A,深圳市物业发展(集团)股份有限公司,广东,深圳市,44.92亿,9.87亿,7658,1992-03-30,--,,房地产开发,产城空间开发、物业管理服务、产业生态运营、餐饮业务、工程监理业务,从事房地产开发经营，兼营物业管理、房屋租赁、出租车客运、餐饮服务等。
11,000012,南玻A,中国南玻集团股份有限公司,广东,深圳市,--,--,10558,1992-02-28,--,,玻璃,玻璃业务、电子玻璃及显示器件业务、太阳能及其他业务,研发、生产制造和销售优质浮法玻璃和工程玻璃、太阳能玻璃和硅材料、光伏电池和组件等可再生能源产品，超薄电子玻璃和显示器件等新材料和信息显示产品，提供光伏电站项目开发、建设、运维一站式服务等。
12,000014,沙河股份,沙河实业股份有限公司,广东,深圳市,6.42亿,4898.94万,128,1992-06-02,--,,房地产开发,房地产销售,从事房地产开发与经营、现代服务型产业用房运营与管理。
13,000016,深康佳A,康佳集团股份有限公司,广东,深圳市,491.07亿,8.07亿,16238,1992-03-27,--,,电视机,工贸业务、彩电业务、环保业务、白电业务、半导体业务,消费类电子业务、工贸业务、环保业务、半导体业务。
14,000017,深中华A,深圳中华自行车(集团)股份有限公司,广东,深圳市,--,--,65,1992-03-31,--,,自行车,自行车及零配件销售、锂电池材料、珠宝黄金,自行车及锂电池材料业务、珠宝黄金业务。
15,000019,深粮控股,深圳市深粮控股股份有限公司,广东,深圳市,--,--,1246,1992-10-12,--,,软饮料,食品和饮料及茶加工、粮油贸易及加工、粮油仓储物流及服务,批发零售业务、食品加工制造业务、租赁及商务服务业务。
16,000020,深华发A,深圳中恒华发股份有限公司,广东,深圳市,--,--,1132,1992-04-28,--,,电子零部件,显示器、注塑件、EPS产品、物业租赁、废料收入、水电费及其他,精密注塑件的加工、销售;液晶显示器的加工、销售;轻型包装材料的加工、销售以及物业租赁业务。
17,000021,深科技,深圳长城开发科技股份有限公司,广东,深圳市,--,--,27051,1994-02-02,--,,PC、服务器及硬件,存储半导体业务、自有产品、高端制造,致力于为全球客户提供技术研发、工艺设计、生产加工、采购管理、物流支持等电子产品制造服务。
18,000023,深天地A,深圳市天地(集团)股份有限公司,广东,深圳市,--,--,984,1993-04-29,--,,商品混凝土,房地产、工业、租赁,商品混凝土的生产和销售、房地产的开发及物业管理等。
19,000025,特力A,深圳市特力(集团)股份有限公司,广东,深圳市,--,--,302,1993-06-21,--,,汽车销售,汽车销售、汽车维修及检测、珠宝批发及零售、物业租赁及服务,汽车销售、汽车检测、维修及配件销售；资源性资产管理；珠宝服务业务。
20,000026,飞亚达,飞亚达精密科技股份有限公司,广东,深圳市,52.44亿,3.88亿,5081,1993-06-03,--,,珠宝首饰,手表品牌业务、手表零售服务业务、精密科技业务、租赁业务,"主要从事钟表及其零配件的设计、开发、制造、销售和维修业务，包括""飞亚达""表的产品经营和世界名表的商业连锁销售。"
21,000027,深圳能源,深圳能源集团股份有限公司,广东,深圳市,--,--,7384,1993-09-03,--,,火电,燃煤、燃机、水电、风电、生态环保、综合燃气,"各种常规能源和新能源的开发、生产、购销,以及城市固体废物处理、城市燃气供应和废水处理等。"
22,000028,国药一致,国药集团一致药业股份有限公司,广东,深圳市,683.58亿,15.28亿,39386,1993-08-09,--,,医药商业,药品、器械耗材、诊断试剂、仪器设备,医药分销和医药零售。
23,000029,深深房A,深圳经济特区房地产(集团)股份有限公司,广东,深圳市,13.21亿,2.18亿,1578,1993-09-15,--,,房地产开发,住宅、商铺、车位,住宅地产开发。
24,000030,富奥股份,富奥汽车零部件股份有限公司,吉林,长春市,--,--,7397,1993-09-29,--,,汽车零部件,零部件,汽车零部件的研发、生产和销售。
25,000031,大悦城,大悦城控股集团股份有限公司,广东,深圳市,--,--,10283,1993-10-08,--,,房地产开发,商品房销售、一级土地开发、投资物业及相关服务、酒店经营、物业及其他管理,房地产开发、经营、销售、出租及管理住宅、商用物业，经营业态涵盖住宅、商业地产及部分产业地产。
26,000032,深桑达A,深圳市桑达实业股份有限公司,广东,深圳市,--,--,476,1993-10-28,--,,电子物流,电子信息、房地产及租赁、电子商贸、电子物流,电子制造、电子商贸、电子物流服务等在内的一体化现代电子信息服务。
27,000034,神州数码,神州数码集团股份有限公司,广东,深圳市,1223.85亿,2.50亿,5210,1994-05-09,--,,贸易,云计算和数字化转型业务、信息技术应用创新业务,云计算和数字化转型业务、信息技术应用创新业务、信息技术应用创新业务。
28,000035,中国天楹,中国天楹股份有限公司,江苏,南通市,205.93亿,8.68亿,15326,1994-04-08,--,,垃圾发电,综合城市环境服务、废弃物处置与利用、水务综合管理、工业废弃物处置、环保装备制造,综合城市环境服务、废弃物处置与利用、水务综合管理、工业废弃物处置和环保装备制造。
29,000036,华联控股,华联控股股份有限公司,广东,深圳市,--,--,806,1994-06-17,--,,房地产开发,房产销售、房地产出租、酒店收入,房地产开发和物业经营与服务管理业务。
30,000037,深南电A,深圳南山热电股份有限公司,广东,深圳市,7.57亿,-5.09亿,392,1994-07-01,--,,火电,能源行业、工程劳务、污泥干化,生产经营供电供热、从事发电厂(站)的相关技术咨询和技术服务。
31,000038,深大通,深圳大通实业股份有限公司,广东,深圳市,--,--,147,1994-08-08,--,,网络媒体,煤炭、铁精粉贸易、广告发布、民间资本管理、保理业务,以生物技术研究及创新医药、生物工程及后端衍生功能性健康消费品为主要发展方向，以供应链服务及民间资本管理提供金融服务支持，以区块链技术为辅助工具与手段的四大业务。
32,000039,中集集团,中国国际海运集装箱(集团)股份有限公司,广东,深圳市,1636.96亿,83.61亿,51746,1994-04-08,--,,金属制品,集装箱、道路运输车辆、能源、化工、液态食品装备、海洋工程、空港设备、物流服务、金融、房地产、重卡,主要从事集装箱、道路运输车辆、能源/化工/液态食品装备、海洋工程装备、空港装备的制造及服务业务。
33,000040,东旭蓝天,东旭蓝天新能源股份有限公司,广东,深圳市,--,--,572,1994-08-08,--,,太阳能,物业及房屋租赁、新能源、生态环保、供应链,"光伏电站投资、建设、运营,房地产开发与销售、物业管理等。"
34,000042,中洲控股,深圳市中洲投资控股股份有限公司,广东,深圳市,--,--,2489,1994-09-21,--,,房地产开发,房地产、服务、酒店、施工,房地产开发。
35,000045,深纺织A,深圳市纺织(集团)股份有限公司,广东,深圳市,22.94亿,7511.47万,1631,1994-08-15,--,,显示器件,物业及租赁、纺织品、偏光片,液晶显示用偏光片的研发、生产、营销。
36,000046,泛海控股,泛海控股股份有限公司,北京,北京市,--,--,9601,1994-09-12,--,,房地产开发,房地产销售、物业出租、物业管理、装修工程、金融投资、金融贸易,"项目投资,资产管理,房地产及旅游项目开发、物业管理(以上项目凭资质证经营),建筑设备、建筑装饰材料销售。"
37,000048,京基智农,深圳市京基智农时代股份有限公司,广东,深圳市,32.21亿,3.99亿,2293,1994-11-01,--,,饲料,农业、房地产业、金融,主要涉及现代农业及房地产业。
38,000049,德赛电池,深圳市德赛电池科技股份有限公司,广东,深圳市,194.71亿,7.94亿,10565,1995-03-20,--,,电池,锂电池的电源管理及封装集成业务,锂电池电源管理系统及封装集成业务。
39,000050,深天马A,天马微电子股份有限公司,广东,深圳市,318.29亿,15.42亿,26797,1995-03-15,--,,显示器件,电子元器件,从事显示器件及相关的材料、设备、产品的设计、制造、销售。
40,000055,方大集团,方大集团股份有限公司,广东,深圳市,35.58亿,2.27亿,2959,1996-04-15,--,,其他建材,智慧幕墙系统及材料产业、轨道交通设备产业、新能源产业、房地产产业,高端幕墙系统及材料产业、轨道交通屏蔽门设备产业、新能源产业、房地产等业务。
41,000056,皇庭国际,深圳市皇庭国际企业股份有限公司,广东,深圳市,--,--,960,1996-07-08,--,,物业租赁、物业管理,商业运营服务、金融服务、融资租赁服务,商业不动产运营管理业务、资产管理业务以及各配套服务业务。
42,000058,深赛格,深圳赛格股份有限公司,广东,深圳市,19.95亿,9882.69万,11590,1996-12-26,--,,专业市场,电子市场流通、智慧城市及城市服务、检验检测业务、新能源业务,以通信市场、电子专业市场为核心的电子市场流通业务，以检验检测与新能源为核心的战略性新兴业务，以物业经营及管理服务为核心的智慧城市及城市服务业务。
43,000059,华锦股份,北方华锦化学工业股份有限公司,辽宁,盘锦市,--,--,8332,1997-01-30,--,,石油加工,石化板块,石化板块。
44,000060,中金岭南,深圳市中金岭南有色金属股份有限公司,广东,深圳市,445.00亿,12.21亿,9664,1997-01-23,--,,铅锌,精矿产品、冶炼产品、铝型材、幕墙门窗、电池材料、有色金属贸易业务,铅锌铜等有色金属的采矿、选矿、冶炼和深加工。
45,000061,农产品,深圳市农产品集团股份有限公司,广东,深圳市,--,--,4863,1997-01-10,--,,专业市场,农产品流通、农产品供应链服务、农产品电子商务,农产品批发市场的开发、建设、经营和管理，大宗农产品电子交易和蔬菜种植等。
46,000062,深圳华强,深圳华强实业股份有限公司,广东,深圳市,228.41亿,10.43亿,2246,1997-01-30,--,,专业市场,电子元器件授权分销分部、电子元器件产业互联网分部、电子元器件及电子终端产品实体交易市场分部、物业经营及其他分部,面向电子信息产业链的现代高端服务业，为产业链上的各环节提供线上线下交易服务、产品服务、技术服务、信息服务、数据服务和创新创业配套等服务，打造面向电子信息产业的国内一流线下、线上交易服务平台。
47,000063,中兴通讯,中兴通讯股份有限公司,广东,深圳市,1145.22亿,70.36亿,72584,1997-11-18,--,,通信传输设备,运营商网络、消费者业务、政企业务,致力于为客户提供满意的ICT产品及解决方案，集“设计、开发、生产、销售、服务”等一体，聚焦于“运营商网络、政企业务、消费者业务”。
48,000065,北方国际,北方国际合作股份有限公司,北京,北京市,--,--,1917,1998-06-05,--,,专业工程,国际工程承包、国内建筑工程、货物贸易、货运代理、金属包装容器、发电收入、其他,国际工程承包、国内建筑工程、重型装备出口贸易、物流服务、物流自动化设备系统集成服务、太阳能产品贸易及新能源项目开发、大宗商品贸易和金属包装容器的生产和销售。
49,000066,中国长城,中国长城科技集团股份有限公司,广东,深圳市,--,--,15410,1997-06-26,--,,PC、服务器及硬件,高新电子、信息安全整机及解决方案、电源产品、园区及物业服务,计算机及相关设备制造，高新电子业务，涉及军事通信、卫星与定位导航、海洋信息安全产业及军用自主可控计算机及网络等领域。
50,000068,华控赛格,深圳华控赛格股份有限公司,广东,深圳市,9.36亿,-1.18亿,672,1997-06-11,--,,环保材料,环保、贸易业务、建筑工程,海绵城市建设、水务工程、智慧水务建设运营、EPC总承包和工程咨询设计及新开展的设备和大宗商品贸易等相关业务。
51,000069,华侨城A,深圳华侨城股份有限公司,广东,深圳市,1025.84亿,71.52亿,24526,1997-09-10,--,,景区,旅游综合业务、房地产,文化旅游业务、房地产业务。
52,000070,特发信息,深圳市特发信息股份有限公司,广东,深圳市,--,--,2877,2000-05-11,--,,通信传输设备,光纤光缆、智能接入、军工信息化、智慧服务,“光纤光缆+智能接入+军工信息化+智能服务”四大产业的研发、生产和销售。
53,000078,海王生物,深圳市海王生物工程股份有限公司,广东,深圳市,--,--,10484,1998-12-18,--,,医药商业,医药商业、医药制造及食品、保健品,生物制品、生化制品、海洋药物、海洋生物制品、中成药的生产销售。
54,000088,盐田港,深圳市盐田港股份有限公司,广东,深圳市,--,--,848,1997-07-28,--,,港口,高速公路收费、港口货物装卸运输、海关监管仓、其他港口配套仓储经营,投资港口货物装卸与运输业务，码头建设工程管理，收费高速公路经营管理，海关监管仓和其他港口配套仓储经营。
55,000089,深圳机场,深圳市机场股份有限公司,广东,深圳市,--,--,5241,1998-04-20,--,,机场,航空主业、航空增值、航空物流、航空广告,航空主业以及航空主业延伸出的非航空业务。
56,000090,天健集团,深圳市天健(集团)股份有限公司,广东,深圳市,--,--,11246,1999-07-21,--,,专业工程,城市建设、综合开发、城市服务,提供商品住宅的开发及销售、工程施工劳务、物业租赁服务、物业管理服务、商业运营及服务。
57,000096,广聚能源,深圳市广聚能源股份有限公司,广东,深圳市,--,--,350,2000-07-24,--,,石油天然气贸易,成品油、液化石油气、危险化学品,"成品油批发零售,化学品贸易,电力投资。"
58,000099,中信海直,中信海洋直升机股份有限公司,广东,深圳市,16.81亿,2.49亿,1046,2000-07-31,--,,航空,海上石油、港口引航、陆上通航、通航维修、应急救援、海上风电,海上石油、港口引航、陆上通航、通航维修、应急救援、海上风电。
59,000100,TCL科技,TCL科技集团股份有限公司,广东,惠州市,--,--,48471,2004-01-30,--,,电视机,半导体显示业务、半导体光伏及半导体材料业务、产业金融及投资平台,"半导体显示业务,半导体光伏及半导体材料业务,产业金融及投资平台和其他业务"
60,000150,宜华健康,宜华健康医疗股份有限公司,广东,汕头市,--,--,8414,2000-08-07,--,,医疗服务,医疗机构投资及运营业务、养老社区投资及运营业务、医疗后勤服务业务、医疗专业工程业务,医疗机构运营及服务和养老社区运营及服务。
61,000151,中成股份,中成进出口股份有限公司,北京,北京市,--,--,327,2000-09-06,--,,贸易,成套设备出口和工程承包、一般贸易、境外实业经营,成套设备与技术进出口、一般贸易和境外经营。
62,000153,丰原药业,安徽丰原药业股份有限公司,安徽,合肥市,--,--,4556,2000-09-20,--,,化学制剂,注射剂、粉针类、散剂、片剂、胶囊剂、颗粒剂、贴剂、原料药,生物药、化学药及中药的研发、生产和销售；医药配送和药房零售。
63,000155,川能动力,四川省新能源动力股份有限公司,四川,成都市,--,--,251,2000-09-26,--,,氮肥,新能源综合服务业务、电力销售,"风力发电和光伏发电,以及新能源综合服务业务。"
64,000156,华数传媒,华数传媒控股股份有限公司,浙江,杭州市,--,--,12944,2000-09-06,--,,有线电视,信息传播,有线电视网络业务、全国范围内的新媒体业务、宽带网络及智慧城市业务等。
65,000157,中联重科,中联重科股份有限公司,湖南,长沙市,671.31亿,63.86亿,26036,2000-10-12,--,,工程机械,工程机械、农业机械、金融服务,工程机械和农业机械的研发、制造、销售和服务。
66,000158,常山北明,石家庄常山北明科技股份有限公司,河北,石家庄市,--,--,5007,2000-07-24,--,,棉纺,纺织、软件和信息技术服务,软件及信息技术服务和纺织两大板块。
67,000159,国际实业,新疆国际实业股份有限公司,新疆,乌鲁木齐市,--,--,258,2000-09-26,--,,石油天然气贸易,油品销售、房地产销售、仓储服务,油品等能源产品的采购、批发、仓储、铁路专运。
68,000166,申万宏源,申万宏源集团股份有限公司,新疆,乌鲁木齐市,343.07亿,95.35亿,11440,2015-01-26,--,,证券,企业金融业务、个人金融业务、机构服务及交易业务、投资管理业务,金融投资、股权投资等。
69,000301,东方盛虹,江苏东方盛虹股份有限公司,江苏,苏州市,--,--,18597,2000-05-29,--,,火电,化纤、石化、热电,民用涤纶长丝的研发、生产和销售以及PTA、热电的生产、销售等。
70,000333,美的集团,美的集团股份有限公司,广东,佛山市,--,--,149239,2013-09-18,--,,空调、小家电,制造业,以家电产业为主，涉足电机、物流等领域，旗下分为四大业务板块，分别为大家电、小家电、电机及物流。
71,000338,潍柴动力,潍柴动力股份有限公司,山东,潍坊市,2035.48亿,115.62亿,42953,2007-04-30,--,,汽车零部件,动力总成、整车整机及关键零部件、智能物流、其他零部件,研究、生产及销售发动机及其零部件、重型汽车、重型汽车车桥、变速箱及其他汽车零部件等业务
72,000400,许继电气,许继电气股份有限公司,河南,许昌市,--,--,5547,1997-04-18,--,,电气自控设备,智能变配电系统、智能中压供用电设备、智能电表、电动汽车智能充换电系统、直流输电系统、EMS加工服务,从事电力系统二次设备和一次设备的研制、销售
73,000401,冀东水泥,唐山冀东水泥股份有限公司,河北,唐山市,363.38亿,41.82亿,22893,1996-06-14,--,,水泥,硅酸盐水泥、专用水泥、特种水泥,生产和销售水泥熟料、各类硅酸盐水泥和与水泥相关的建材产品，同时涵盖砂石骨料、环保、矿粉、外加剂等产业（业务）。
74,000402,金融街,金融街控股股份有限公司,北京,北京市,241.55亿,15.81亿,3305,1996-06-26,--,,房地产开发,房产开发、物业租赁、物业经营,房地产开发和经营。
75,000403,派林生物,派斯双林生物制药股份有限公司,山西,太原市,--,--,902,1996-06-28,--,,生物医药,血液制品、细胞培养基,血液制品的研究、开发、生产和销售。
76,000404,长虹华意,长虹华意压缩机股份有限公司,江西,景德镇市,131.99亿,2.90亿,7581,1996-06-19,--,,压缩机,压缩机 、原材料及配件、智能扫地机 、电池,冰箱压缩机、商用压缩机的研发、生产和销售。
77,000407,胜利股份,山东胜利股份有限公司,山东,济南市,45.48亿,1.09亿,2091,1996-07-03,--,,燃气,天然气终端销售、天然气贸易、装备材料制造、油品贸易,清洁能源天然气业务推广和应用。
78,000408,藏格矿业,藏格矿业股份有限公司,青海,海西蒙古族藏族自治州,36.23亿,14.27亿,1548,1996-06-28,--,,钾肥,生产农用复合肥料、贸易业务,氯化钾、碳酸锂的研发、生产与销售。
79,000409,云鼎科技,云鼎科技股份有限公司,山东,济南市,5.08亿,3489.29万,643,1996-06-27,--,,综合,智能矿山系统解决方案、工业智能产品、“北斗+”智慧产品、ERP实施和运维服务、煤气化技术及其相关应用的系统整体方案,信息化技术服务和煤气化技术推广业务。
80,000410,ST沈机,沈阳机床股份有限公司,辽宁,沈阳市,--,--,4597,1996-07-18,--,,机床设备,机床、机床配套,产品研发、机床制造、销售服务、行业解决方案、机床零部件配套等。
81,000411,英特集团,浙江英特集团股份有限公司,浙江,杭州市,--,--,2710,1996-07-16,--,,医药商业,医药批发、医药零售,药品、医疗器械批发及零售业务。
82,000413,东旭光电,东旭光电科技股份有限公司,河北,石家庄市,--,--,4557,1996-09-25,--,,显示器件,光电显示新材料、高端装备制造、新能源汽车、建筑安装工程、石墨烯技术应用、电子通讯,光电显示材料、高端装备制造、新能源汽车制造。
83,000415,渤海租赁,渤海租赁股份有限公司,新疆,乌鲁木齐市,--,--,612,1996-07-16,--,,其他非银行金融,融资租赁、融资租赁咨询、经营租赁、集装箱租赁、飞机销售,为境内外客户提供全方位的飞机租赁、集装箱租赁、基础设施租赁、大型设备租赁等租赁服务。
84,000416,民生控股,民生控股股份有限公司,山东,青岛市,--,--,49,1996-07-19,--,,其他非银行金融,典当业务、保险经纪业务、商品零售、其他,典当业务及保险经纪业务。
85,000417,合肥百货,合肥百货大楼集团股份有限公司,安徽,合肥市,--,--,8842,1996-08-12,--,,百货,百货业（含家电）、超市业、农产品交易市场、房地产,零售业、农产品交易市场两大类业务。
86,000419,通程控股,长沙通程控股股份有限公司,湖南,长沙市,--,--,1773,1996-08-16,--,,百货,商业零售、酒店旅游,商业零售、酒店旅游、典当、保理。
87,000420,吉林化纤,吉林化纤股份有限公司,吉林,吉林市,--,--,5406,1996-08-02,--,,粘胶纤维,粘胶长丝、醋酐、粘胶短纤、亚硫酸氢钠,粘胶纤维的生产和销售。
88,000421,南京公用,南京公用发展股份有限公司,江苏,南京市,--,--,3263,1996-08-06,--,,燃气,汽车营运、房产开发、汽车销售、旅游服务、燃气销售、工程施工,燃气销售、房地产开发及客运产业。
89,000422,湖北宜化,湖北宜化化工股份有限公司,湖北,宜昌市,--,--,7499,1996-08-15,--,,氮肥,化肥、化工、贸易,化肥产品(尿素、磷酸二铵等)、化工产品(聚氯乙烯、烧碱等)的生产、销售。
90,000423,东阿阿胶,东阿阿胶股份有限公司,山东,聊城市,38.49亿,4.39亿,4180,1996-07-29,--,,中药生产,阿胶及系列产品、医药贸易、其他药品及保健品、毛驴养殖及销售、其他,从事阿胶及阿胶系列产品的研发、生产和销售。
91,000425,徐工机械,徐工集团工程机械股份有限公司,江苏,徐州市,--,--,15191,1996-08-28,--,,工程机械,工程机械,主要从事工程起重机械、铲运机械、压实机械、混凝土机械、路面机械、消防机械、其他工程机械及工程机械备件的研发、制造和销售。
92,000426,兴业矿业,内蒙古兴业矿业股份有限公司,内蒙古,赤峰市,--,--,554,1996-08-28,--,,铅锌,锌精粉、铁精粉、铅精粉、钨精粉、含铅银精粉、含铜银精粉、锡精粉,有色金属采选及冶炼。
93,000428,华天酒店,华天酒店集团股份有限公司,湖南,长沙市,--,--,3845,1996-08-08,--,,酒店,酒店业、房地产业、酒店资产运营,酒店服务业。
94,000429,粤高速A,广东省高速公路发展股份有限公司,广东,广州市,52.88亿,24.27亿,2983,1998-02-20,--,,高速公路,公路运输,收费高速公路、桥梁的投资、建设、收费和养护管理。
95,000430,张家界,张家界旅游集团股份有限公司,湖南,张家界市,--,--,1074,1996-08-29,--,,景区,旅行社服务、旅游客运、旅游服务、酒店服务、租赁服务、销售服务,旅游项目经营；旅游客运；旅行社经营；其他：酒店经营、房屋租赁、广告代理等。
96,000488,晨鸣纸业,山东晨鸣纸业集团股份有限公司,山东,潍坊市,330.20亿,20.90亿,12296,2000-11-20,--,,造纸,制浆、造纸,机制纸及板纸和造纸原料、造纸机械、电力、热力的生产与销售
97,000498,山东路桥,山东高速路桥集团股份有限公司,山东,济南市,--,--,14020,1997-06-09,--,,路桥建设,路桥工程施工、路桥养护施工、周转材料及设备租赁销售、商品混凝土加工销售、工程设计咨询,路桥工程施工与养护施工。
98,000501,鄂武商A,武汉武商集团股份有限公司,湖北,武汉市,71.27亿,7.52亿,9373,1992-11-20,--,,百货,商品销售,从事购物中心及超市业态的商品销售业务。
99,000502,*ST绿景,绿景控股股份有限公司,广东,广州市,--,--,119,1992-11-23,--,,房地产开发,房地产业(房产销售及租赁)、房地产业(物业管理)、医疗服务,从事房地产开发及物业管理业务、互联网数据中心业务。
100,000503,国新健康,国新健康保障服务集团股份有限公司,海南,海口市,--,--,1244,1992-11-30,--,,电子商务B2B,大健康服务,医药电子商务、医疗福利管理等。
101,000504,南华生物,南华生物医药股份有限公司,湖南,长沙市,--,--,395,1992-12-08,--,,节能环保,节能技术服务、生物医药,生物医药、节能环保。
102,000505,京粮控股,海南京粮控股股份有限公司,海南,海口市,117.63亿,2.39亿,2770,1992-12-21,--,,房地产开发,油脂油料、食品制造,油脂油料加工销售及贸易和食品制造。
103,000506,中润资源,中润资源投资股份有限公司,山东,济南市,--,--,1472,1993-03-12,--,,黄金,房地产、黄金,以黄金为主要品种的矿业开采与房地产开发建设、销售及自有房产的出租。
104,000507,珠海港,珠海港股份有限公司,广东,珠海市,--,--,2883,1993-03-26,--,,港口,码头运营服务、物流贸易、物流服务、物业管理、综合能源、饮料食品,港口的投资、运营以及船舶运输等业务;电力能源、新能源产业以及管道燃气;港城建设、物业管理及生产制造。
105,000509,*ST华塑,华塑控股股份有限公司,四川,成都市,2.95亿,-164.11万,464,1993-05-07,--,,其他建材,电子产品、医疗服务、房租收入、会展服务收入及其他,全科医疗服务及舞台美术视觉呈现、视觉工程制作实施等相关业务、电子信息显示终端的研发、设计、生产和销售服务业务。
106,000510,新金路,四川新金路集团股份有限公司,四川,德阳市,--,--,2435,1993-05-07,--,,氯碱,氯乙烯树脂、碱,从事PVC树脂和烧碱的生产与销售。
107,000513,丽珠集团,丽珠医药集团股份有限公司,广东,珠海市,120.64亿,19.52亿,8580,1993-10-28,--,,化学制剂,化学制剂、生物药、原料药及中间体、中药制剂、诊断试剂及设备,医药产品的研发、生产及销售。
108,000514,渝开发,重庆渝开发股份有限公司,重庆,重庆市,11.87亿,2.02亿,831,1993-07-12,--,,房地产开发,房地产业、租赁和商务服务业,主要从事房地产开发与销售业务。
109,000516,ST国医,西安国际医学投资股份有限公司,陕西,西安市,--,--,7966,1993-08-09,--,,百货,医疗、软件和信息技术服务,大健康医疗服务和现代医学技术转化应用。
110,000517,荣安地产,荣安地产股份有限公司,浙江,宁波市,--,--,977,1993-08-06,--,,房地产开发,房屋销售,房地产开发、经营；建设工程承包等。
111,000518,四环生物,江苏四环生物股份有限公司,江苏,无锡市,--,--,288,1993-09-08,--,,生物医药,注射剂、药品、用材林、景观工程、养护工程,从事生物医药制品、生产和销售以及绿化园林工程业务。
112,000519,中兵红箭,中兵红箭股份有限公司,湖南,湘潭市,--,--,8496,1993-10-08,--,,超硬材料,超硬材料及其制品、特种装备、改装汽车、汽车零部件,超硬材料及其制品和内燃机配件的研发、生产、销售。
113,000520,长航凤凰,长航凤凰股份有限公司,湖北,武汉市,9.35亿,9618.48万,119,1993-10-25,--,,航运,干散货运输、船员派遣服务、资产出租,干散货航运及港航物流服务业。
114,000521,长虹美菱,长虹美菱股份有限公司,安徽,合肥市,180.33亿,8709.27万,12815,1993-10-18,--,,冰箱、空调,家用电器,冰箱、冰柜、空调、洗衣机白色家电产品研发、生产与销售。
115,000523,*ST浪奇,广州市浪奇实业股份有限公司,广东,广州市,--,--,1113,1993-11-08,--,,洗涤产品,化工原料、日化产品、糖制品、饮料,日化产品的生产及化工原材料的生产和销售。
116,000524,岭南控股,广州岭南集团控股股份有限公司,广东,广州市,15.26亿,-1.45亿,4843,1993-11-18,--,,餐饮,旅游业服务,为集商旅出行、住宿、会展、景区、汽车服务等业务为一体。
117,000525,ST红太阳,南京红太阳股份有限公司,江苏,南京市,--,--,3195,1993-10-28,--,,农药,中间体、除草剂、杀虫剂、杀菌剂、动物营养,原药和制剂产品的生产销售、化肥生态肥的销售。
118,000526,学大教育,学大(厦门)教育科技集团股份有限公司,福建,厦门市,--,--,11442,1993-11-01,--,,教育培训,教育培训服务、房屋租赁、设备租赁,教育培训服务。
119,000528,柳工,广西柳工机械股份有限公司,广西,柳州市,287.01亿,10.18亿,17122,1993-11-18,--,,工程机械,土石方机械、其他工程机械及配件、融资租赁,工程机械及关键零部件的研发、生产、销售和服务。
120,000529,广弘控股,广东广弘控股股份有限公司,广东,广州市,--,--,1743,1993-11-18,--,,肉制品,食品板块、农牧板块、教育板块,食品冷藏、物流配送、畜禽养殖和食品加工；图书、电子出版物总发行、销售。
121,000530,冰山冷热,冰山冷热科技股份有限公司,辽宁,大连市,--,--,2487,1993-12-08,--,,制冷空调设备,制冷空调设备,工业制冷、食品冷冻冷藏、中央及商用空调以及制冷部件等制冷设备的生产和安装。
122,000531,穗恒运A,广州恒运企业集团股份有限公司,广东,广州市,--,--,1241,1994-01-06,--,,火电,电力、蒸汽、房地产、环保及其他,电力、热力的生产和销售。
123,000532,华金资本,珠海华金资本股份有限公司,广东,珠海市,6.31亿,1.99亿,976,1994-01-03,--,,电子零部件,电子设备制造业、电子器件制造业、公共设施服务业、投资与管理、医疗器械业,投资与管理、电子设备制造、电子器件制造、水质净化、医疗器械。
124,000533,顺钠股份,广东顺钠电气股份有限公司,广东,佛山市,14.59亿,-2034.11万,1245,1994-01-03,--,,厨卫电器,输配电设备业务、大宗商品贸易及供应链管理,输配电设备业务、大宗商品贸易及供应链管理业务。
125,000534,万泽股份,万泽实业股份有限公司,广东,汕头市,6.56亿,8887.08万,1038,1994-01-10,--,,房地产开发,微生态活菌产品、高温合金,微生态活菌产品、高温合金及其制品的研发、生产及销售。
126,000536,华映科技,华映科技(集团)股份有限公司,福建,福州市,--,--,3255,1993-11-26,--,,显示器件,模组、盖板玻璃、面板,显示模组业务、盖板玻璃业务、面板业务。
127,000537,广宇发展,天津广宇发展股份有限公司,天津,天津市,--,--,2234,1993-12-10,--,,房地产开发,房地产开发、宾馆酒店服务、经营租赁、物业服务,房地产开发与销售
128,000538,云南白药,云南白药集团股份有限公司,云南,昆明市,363.74亿,27.96亿,8464,1993-12-15,--,,中药生产,工业产品(自制)、批发零售、农产品、其他服务,自制工业品的研发、生产和销售，以及药品批发零售业务。
129,000539,粤电力A,广东电力发展股份有限公司,广东,广州市,--,--,6794,1993-11-26,--,,火电,售电、蒸气、粉煤灰综合利用、销售材料、劳务,电力项目的投资、建设和经营管理，电力的生产和销售业务。
130,000540,中天金融,中天金融集团股份有限公司,贵州,贵阳市,--,--,5950,1994-02-02,--,,房地产开发,地产业务、金融业务,房地产、证券、保险等业务。
131,000541,佛山照明,佛山电器照明股份有限公司,广东,佛山市,47.73亿,2.67亿,9287,1993-11-23,--,,照明设备,LED照明、传统照明、机动车灯具、开关、插座,研发、生产、销售高品质的绿色节能照明产品和机动车车灯产品、电工产品，并为客户提供整套的照明、电工解决方案和机动车车灯设计方案。
132,000543,皖能电力,安徽省皖能股份有限公司,安徽,合肥市,--,--,3446,1993-12-20,--,,火电,电力、供热、煤炭、运输,电力、节能及相关项目投资、经营。
133,000544,中原环保,中原环保股份有限公司,河南,郑州市,61.40亿,5.40亿,1757,1993-12-08,--,,污水处理,污水处理、供热销售、工程施工及管理,供水、城镇污水处理、农村污水治理、污泥处置、中水利用、集中供热、建筑垃圾资源化处置利用、环保设备制造、光伏发电、市政建设、园林绿化、水环境综合治理及技术研发等。
134,000545,金浦钛业,金浦钛业股份有限公司,吉林,吉林市,--,--,964,1993-12-15,--,,其他化学原料,钛白粉,钛白粉生产及销售。
135,000546,金圆股份,金圆环保股份有限公司,吉林,长春市,87.39亿,566.74万,3118,1993-12-15,--,,水泥,建材、环保、新材料,水泥、辅料及水泥制品生产、销售，建筑材料制作及技术服务。
136,000547,航天发展,航天工业发展股份有限公司,福建,福州市,--,--,2589,1993-11-30,--,,通信传输设备,数字蓝军与蓝军装备产品、海洋信息装备产品、新一代通信与指控装备产品、网络空间安全产品、微系统产品,以电子信息科技为主业，致力于军用、民用产业领域。
137,000548,湖南投资,湖南投资集团股份有限公司,湖南,长沙市,4.29亿,5188.83万,820,1993-12-20,--,,高速公路,高速公路建设运营、资产管理和物业服务、酒店投资经营、城市综合体投资开发,高速公路建设运营、资产管理和物业服务、酒店投资经营、城市综合体投资开发。
138,000550,江铃汽车,江铃汽车股份有限公司,江西,南昌市,352.21亿,5.74亿,12930,1993-12-01,--,,商用车,商用车、SUV、相关零部件,生产和销售商用车、SUV以及相关的零部件。
139,000551,创元科技,创元科技股份有限公司,江苏,苏州市,--,--,2658,1994-01-06,--,,综合,设备及工程、输变电高压瓷绝缘子、精密轴承、测绘仪器、磨具磨料、贸易、服务,高压电瓷、洁净环保设备及工程、测绘仪器、轴承滚针、磨具磨料、代理出口贸易。
140,000552,靖远煤电,甘肃靖远煤电股份有限公司,甘肃,白银市,48.41亿,7.25亿,12361,1994-01-06,--,,煤炭开采洗选,煤炭、发电,煤炭开采和销售。
141,000553,安道麦A,安道麦股份有限公司,湖北,荆州市,310.39亿,1.63亿,9201,1993-12-03,--,,农药,除草剂、杀虫剂、杀菌剂、精细化工产品(非农),农药、化工产品的制造和销售，农药、化工产品及其中间体的进出口贸易
142,000554,泰山石油,中国石化山东泰山石油股份有限公司,山东,泰安市,--,--,1185,1993-12-15,--,,石油天然气贸易,汽油、柴油、天然气,主要从事成品油批发零售业务以及非油品业务。
143,000555,神州信息,神州数码信息服务股份有限公司,广东,深圳市,113.56亿,3.88亿,13361,1994-04-08,--,,其他软件服务,系统集成、软件开发及技术服务,技术服务、农业信息化、应用软件开发、金融专用设备相关业务及集成解决方案。
144,000557,西部创业,宁夏西部创业实业股份有限公司,宁夏,银川市,--,--,1122,1994-06-17,--,,铁路运输,货运、住宿餐饮、葡萄酒,铁路运输、供应链服务、葡萄酒销售。
145,000558,莱茵体育,莱茵达体育发展股份有限公司,浙江,杭州市,--,--,136,1994-05-09,--,,体育运营,体育运营、房地产销售及租赁、能源及贸易销售,体育运营、房地产销售及租赁、能源及贸易销售
146,000559,万向钱潮,万向钱潮股份有限公司,浙江,杭州市,143.22亿,7.01亿,7961,1994-01-10,--,,汽车零部件,汽车零部件,汽车零部件的研发和制造。
147,000560,我爱我家,我爱我家控股集团股份有限公司,云南,昆明市,--,--,48488,1994-02-02,--,,百货,资产管理、经纪业务、新房业务、商品销售、商业租赁及服务、房地产开发、物业服务、旅游服务,包含房地产经纪服务、房屋资产管理、商业资产管理。
148,000561,烽火电子,陕西烽火电子股份有限公司,陕西,宝鸡市,--,--,2913,1994-05-09,--,,通信终端设备,短波通信设备、超短波通信设备、航空搜救定位设备、车机内音频控制系统、电声器材,从事通信装备及电声器材的科研、生产、销售。
149,000563,陕国投A,陕西省国际信托股份有限公司,陕西,西安市,--,--,671,1994-01-10,--,,信托,金融信托业务,信托业务、固有业务和投资顾问等中介业务。
150,000564,*ST大集,供销大集集团股份有限公司,陕西,西安市,--,--,4040,1994-01-10,--,,百货,批发零售连锁经营商业业务、地产业务、金融业务,城乡商品流通综合服务运营。
151,000565,渝三峡A,重庆三峡油漆股份有限公司,重庆,重庆市,4.89亿,7126.80万,913,1994-04-08,--,,涂料涂漆,油漆产品,油漆涂料的生产销售。
152,000566,海南海药,海南海药股份有限公司,海南,海口市,--,--,3148,1994-05-25,--,,化学制剂,抗生素系列、胃肠道用药系列、抗肿瘤药系列、人工耳蜗系列、原料药及其中间体系列,药品及医疗器械研发、生产和销售。
153,000567,海德股份,海南海德资本管理股份有限公司,海南,海口市,--,--,58,1994-05-25,--,,其他非银行金融,资产管理,不良资产收购处置类业务、不良资产收购重组类业务、不良资产ABS业务以及事务管理类业务。
154,000568,泸州老窖,泸州老窖股份有限公司,四川,泸州市,--,--,3330,1994-05-09,--,,白酒,白酒,“国窖1573”、“泸州老窖”等系列白酒的研发、生产和销售。
155,000570,苏常柴A,常柴股份有限公司,江苏,常州市,--,--,2863,1994-07-01,--,,内燃机,柴油机、汽油机,从事“常柴”牌柴油机及“常柴罗宾”牌汽油机的研发、生产及销售。
156,000571,ST大洲,新大洲控股股份有限公司,海南,海口市,--,--,3055,1994-05-25,--,,煤炭开采洗选,食品、煤炭、物流运输,煤炭采掘、牛肉食品、物流的经营。
157,000572,海马汽车,海马汽车股份有限公司,海南,海口市,--,--,3122,1994-08-08,--,,乘用车,整车、配件销售、劳务,汽车制造及服务。
158,000573,粤宏远A,东莞宏远工业区股份有限公司,广东,东莞市,--,--,255,1994-08-15,--,,房地产开发,出租、售楼、水电、煤、废旧铅蓄电池回收,房地产开发。
159,000576,甘化科工,广东甘化科工股份有限公司,广东,江门市,--,--,278,1994-09-07,--,,造纸,军工业务、食糖贸易,军工业务和食糖贸易。
160,000581,威孚高科,无锡威孚高科技集团股份有限公司,江苏,无锡市,--,--,5389,1998-09-24,--,,汽车零部件,汽车燃油喷射系统、汽车后处理系统、进气系统,系统、汽车后处理系统、发动机进气系统等产品的开发、制造和销售业务。
161,000582,北部湾港,北部湾港股份有限公司,广西,南宁市,--,--,7509,1995-11-02,--,,港口,装卸堆存、拖轮及港务管理、物流代理业务、理货业务,为客户提供集装箱和散杂货的港口装卸、堆存及船舶港口等服务。
162,000584,哈工智能,江苏哈工智能机器人股份有限公司,江苏,无锡市,--,--,994,1995-11-28,--,,氨纶,高端装备制造、机器人一站式平台、房地产,智能制造。
163,000585,*ST东电,东北电气发展股份有限公司,海南,海口市,8370.07万,1759.87万,651,1995-12-13,--,,其他输变电设备,封闭母线、酒店餐饮住宿业,输变电设备相关产品的研发、设计、生产和销售及酒店餐饮和住宿业务。
164,000586,汇源通信,四川汇源光通信股份有限公司,四川,成都市,4.50亿,2807.20万,458,1995-12-20,--,,通信传输设备,光缆产品、通信工程服务,"通信光纤和电力光缆,在线监测,塑料光纤,通信工程施工和高速机电工程。"
165,000587,*ST金洲,金洲慈航集团股份有限公司,黑龙江,伊春市,--,--,60,1996-04-25,--,,珠宝首饰,黄金类业务、铂金类业务、白银类业务、镶嵌类业务、18K金饰品、工艺美术品、融资租赁业务、短融业务、保理业务,黄金珠宝首饰研发设计、加工制造、批发零售及品牌加盟，融资租赁。
166,000589,贵州轮胎,贵州轮胎股份有限公司,贵州,贵阳市,73.39亿,3.70亿,6174,1996-03-08,--,,轮胎,轮胎,商用轮胎研发、生产及销售。
167,000590,启迪药业,启迪药业集团股份公司,湖南,衡阳市,3.01亿,3543.79万,1214,1996-01-19,--,,中药生产,中成药、西药制剂,研究、开发中国中药传统秘方、验方和西药制剂，生产古汉养生精（口服液、片剂）、养心定悸颗粒、健肾壮腰丸等中成药以及大容量注射剂、原料药、五维赖氨酸口服溶液等西药制剂。
168,000591,太阳能,中节能太阳能股份有限公司,重庆,重庆市,--,--,1833,1996-02-08,--,,新能源发电,太阳能发电、太阳能产品制造,"太阳能光伏电站的投资运营,以及太阳能电池组件的生产销售。"
169,000592,平潭发展,中福海峡(平潭)发展股份有限公司,福建,福州市,--,--,1060,1996-03-27,--,,木材加工,林木原木、纤维板、农资贸易流通、生物与新医药产品,造林营林、林木产品加工与销售、以烟草化肥销售为主的农资贸易业务和与平潭综合实验区开发项目的有关业务。
170,000593,德龙汇能,德龙汇能集团股份有限公司,四川,成都市,--,--,1073,1996-03-12,--,,燃气,商业零售、燃气供应、能源站发电制冷,以天然气能源为主的清洁能源供应业务。
171,000595,宝塔实业,宝塔实业股份有限公司,宁夏,银川市,--,--,1206,1996-04-19,--,,基础件,机械制造、设备制造,轴承、船舶电器的生产与销售。
172,000596,古井贡酒,安徽古井贡酒股份有限公司,安徽,亳州市,--,--,9936,1996-09-27,--,,白酒,白酒业务、酒店业务,主要从事白酒的生产和销售。
173,000597,东北制药,东北制药集团股份有限公司,辽宁,沈阳市,81.45亿,9544.14万,7102,1996-05-23,--,,化学原料药,维生素类、抗感染类、生殖系统和性激素类、神经系统类、抗艾滋病类、消化道类、麻精及含麻系列类、其他普药类、体外（生物）诊断试剂类、大健康领域,生产和销售化学原料药品及制剂药品、经营医药产品批发及零售、生物制剂的生产与销售。
174,000598,兴蓉环境,成都市兴蓉环境股份有限公司,四川,成都市,--,--,4200,1996-05-29,--,,污水处理,自来水业务、污水处理及中水利用业务、环保业务、工程业务,自来水供应、污水处理及垃圾渗滤液处理。
175,000599,青岛双星,青岛双星股份有限公司,山东,青岛市,--,--,5078,1996-04-30,--,,轮胎,轮胎制造业、机械制造业,轮胎产品的生产、制造、研发及销售。
176,000600,建投能源,河北建投能源投资股份有限公司,河北,石家庄市,--,--,4506,1996-06-06,--,,火电,燃煤火力发电、供热、新能源项目,投资、建设、经营管理以电力生产为主的能源项目。
177,000601,韶能股份,广东韶能集团股份有限公司,广东,韶关市,--,--,5185,1996-08-30,--,,火电,能源（电力）、生态植物纤维制品、精密（智能）制造,成能源（电力）、生态植物纤维制品、精密（智能）制造。
178,000603,盛达资源,盛达金属资源股份有限公司,北京,北京市,--,--,1581,1996-08-23,--,,铅锌,有色金属采选、有色金属贸易,有色金属矿的采选和销售。
179,000605,渤海股份,渤海水业股份有限公司,北京,北京市,--,--,1692,1996-09-13,--,,水务,原水、自来水、污水处理、工程、供热、中水处理、污泥处理,原水和自来水开发供应、管道输水运输、供水设施管理、维护和保养、水务基础设施投资建设及运营管理。
180,000606,ST顺利,顺利办信息服务股份有限公司,青海,西宁市,--,--,1602,1996-10-04,--,,其他互联网服务,企业互联网服务,互联网服务业务。
181,000607,华媒控股,浙江华媒控股股份有限公司,浙江,杭州市,--,--,3070,1996-08-30,--,,营销服务,广告策划发布、报刊发行与印刷、教育,经营广告、报刊发行、印刷及新媒体业务、教育培训。
182,000608,阳光股份,阳光新业地产股份有限公司,广西,南宁市,5.68亿,8281.27万,150,1996-09-19,--,,房地产开发,开发产品销售、商业租赁、写字楼租赁、商业运营,商业运营管理业务、物业租赁业务以及住宅、商住尾盘销售业务。
183,000609,*ST中迪,北京中迪投资股份有限公司,北京,北京市,--,--,179,1996-10-10,--,,综合,房地产开发、融资租赁业务、其他,投资及投资管理、房地产开发和融资租赁。
184,000610,西安旅游,西安旅游股份有限公司,陕西,西安市,--,--,491,1996-09-26,--,,景区,旅行社、酒店、商贸,酒店经营管理、餐饮服务、旅行社、商业地产开发租赁、企业管理咨询、物业管理服务和劳务输出等。
185,000611,*ST天首,内蒙古天首科技发展股份有限公司,内蒙古,包头市,--,--,26,1996-10-08,--,,纺织,动力煤业务、设备租赁、钾肥业务、纺织业、供电、土地租赁,纺织品的生产销售和贸易及钼精矿采选业务。
186,000612,焦作万方,焦作万方铝业股份有限公司,河南,焦作市,--,--,2407,1996-09-26,--,,铝,电解铝液、铝锭及铝合金制品,铝冶炼及加工，铝制品、金属材料销售。
187,000613,*ST东海A,海南大东海旅游中心股份有限公司,海南,三亚市,--,--,120,1997-01-28,--,,酒店,旅游饮食服务,酒店住宿和餐饮服务。
188,000615,奥园美谷,奥园美谷科技股份有限公司,湖北,襄阳市,--,--,3565,1996-10-16,--,,房地产开发,化纤、房地产,美容医院服务、美容护肤产品生产销售等。
189,000616,ST海投,海航投资集团股份有限公司,辽宁,大连市,--,--,199,1996-11-08,--,,房地产开发,房地产业务、基金管理、养老服务,房地产业务、金融业务和养老业务。
190,000617,中油资本,中国石油集团资本股份有限公司,新疆,克拉玛依市,309.64亿,115.89亿,4292,1996-10-22,--,,其他非银行金融,银行业务、财务公司业务、金融租赁业务、信托业务、保险业务、保险经纪业务、证券业务、信用增进业务,银行业务、财务公司业务、金融租赁业务、信托业务、保险业务、保险经纪业务、证券业务、信用增进业务与智能化数字化业务。
191,000619,海螺型材,芜湖海螺型材科技股份有限公司,安徽,芜湖市,48.54亿,-1.54亿,4443,1996-10-23,--,,其他建材,建材、环保新材料,中高档塑料型材、门窗等的生产、销售以及科研开发。
192,000620,新华联,新华联文化旅游发展股份有限公司,北京,北京市,--,--,7469,1996-10-29,--,,房地产开发,商品房销售、文旅综合行业,文旅景区开发与运营、房地产项目开发建设、施工总承包、商业管理、酒店管理、物业服务、旅游服务。
193,000622,恒立实业,恒立实业发展集团股份有限公司,湖南,岳阳市,--,--,133,1996-11-07,--,,汽车零部件,乙二醇、氯化钴、三元前驱体、金属镍、煤炭、金属钴、国债逆回购、车用空调,汽车空调及零部件业务和贸易。
194,000623,吉林敖东,吉林敖东药业集团股份有限公司,吉林,延边朝鲜族自治州,--,--,4462,1996-10-28,--,,中药生产,中成药、化学药品、食品,从事中成药、生物化学药研发、制造和销售。
195,000625,长安汽车,重庆长安汽车股份有限公司,重庆,重庆市,--,--,40298,1997-06-10,--,,乘用车,销售商品、劳务,整车（含乘用车、商用车）的研发、制造和销售以及发动机的研发、生产。
196,000626,远大控股,远大产业控股股份有限公司,江苏,连云港市,815.62亿,2.84亿,811,1996-11-28,--,,贸易,商品贸易、物流代理,大宗商品贸易、出口、仓储物流等业务。
197,000627,天茂集团,天茂实业集团股份有限公司,湖北,荆门市,--,--,2379,1996-11-12,--,,保险,保险、医药、化工,通过控股子公司国华人寿从事保险业务。
198,000628,高新发展,成都高新发展股份有限公司,四川,成都市,--,--,1097,1996-11-18,--,,专业工程,建筑施工、智慧城市建设、运营及相关服务业务、期货及相关业务,建筑业和智慧城市建设、运营及相关服务业务。
199,000629,攀钢钒钛,攀钢集团钒钛资源股份有限公司,四川,攀枝花市,140.60亿,14.56亿,3278,1996-11-15,--,,普钢,钒、钛、电,钒产品、钛渣、钛白粉的生产、销售、技术研发和应用开发。
200,000630,铜陵有色,铜陵有色金属集团股份有限公司,安徽,铜陵市,--,--,14441,1996-11-20,--,,铜,阴极铜、硫酸、黄金、白银、铜箔、铜板带,铜、铁、硫金矿采选，铜、金、银、稀有贵金属冶炼及压延加工，硫酸、电子产品生产、铜加工产品等。
201,000631,顺发恒业,顺发恒业股份公司,吉林,长春市,--,--,615,1996-11-22,--,,房地产开发,房地产开发、物业服务管理、租赁物业,房地产开发与经营。
202,000632,三木集团,福建三木集团股份有限公司,福建,福州市,--,--,590,1996-11-21,--,,综合,建筑材料和金属材料、商品房及土地开发、化工产品、日用百货、船舶物料、食品与食品加工、机电产品、纺织品、物管费、租赁、酒店服务业、基金管理费、基金顾问费,进出口贸易、房地产开发、经营性物业运营管理和创业投资等。
203,000633,合金投资,新疆合金投资股份有限公司,新疆,和田地区,1.65亿,334.44万,205,1996-11-12,--,,其他金属新材料,冶金,镍基合金材料的生产与销售业务及园林绿化服务业务。
204,000635,英力特,宁夏英力特化工股份有限公司,宁夏,石嘴山市,--,--,2128,1996-11-20,--,,氯碱,化工、酒店,电石及其系列延伸产品的生产和销售；聚氯乙烯、烧碱及其系列延伸产品的生产和销售；特种树脂生产及销售；电力、热力的生产及销售。
205,000636,风华高科,广东风华高新科技股份有限公司,广东,肇庆市,--,--,7407,1996-11-29,--,,电子元件,片式电容器、片式电阻器、FPC线路板,研制、生产、销售电子元器件、电子材料等。
206,000637,茂化实华,茂名石化实华股份有限公司,广东,茂名市,55.72亿,8312.27万,738,1996-11-14,--,,石油加工,石油化工产品,石油化工产品的生产及销售经营。
207,000638,*ST万方,万方城镇投资发展股份有限公司,吉林,白山市,--,--,670,1996-11-26,--,,贸易,医院信息系统、医院信息平台、基于医院信息平台应用,军工、农业产业、医疗信息化软件开发和销售等。
208,000639,西王食品,西王食品股份有限公司,山东,滨州市,--,--,1957,1996-11-26,--,,植物油,植物油、营养补给品,健康食用油及运动营养和体重管理。
209,000650,仁和药业,仁和药业股份有限公司,江西,南昌市,--,--,6538,1996-12-10,--,,中药生产,药品、健康相关产品,生产、销售中西药、原料药及健康相关产品。
210,000651,格力电器,珠海格力电器股份有限公司,广东,珠海市,--,--,83952,1996-11-18,--,,空调,空调、生活电器、智能装备,生产销售空调器、自营空调器出口业务及其相关零配件的进出口业务。
211,000652,泰达股份,天津泰达股份有限公司,天津,天津市,--,--,1564,1996-11-28,--,,贸易,化工及金属制品贸易、商品房、广陵新城项目、垃圾处理及发电、纺织及滤材,从事生活垃圾焚烧发电及卫生填埋、餐厨、污泥处理和生物质能发电等资源循环利用相关业务。
212,000655,金岭矿业,山东金岭矿业股份有限公司,山东,淄博市,18.23亿,1.42亿,2552,1996-11-28,--,,铁矿石,矿石,铁矿石开采，铁精粉、铜精粉、钴精粉、球团矿的生产、销售及机械加工与销售。
213,000656,金科股份,金科地产集团股份有限公司,重庆,重庆市,--,--,22910,1996-11-28,--,,房地产开发,房地产销售、生活服务、新能源、科技产业(园区)投资运营业务,房地产开发为主，新能源发电、社区综合服务、酒店经营管理、园林、门窗、装饰等相关多元化产业经营为辅。
214,000657,中钨高新,中钨高新材料股份有限公司,海南,海口市,--,--,7546,1996-12-05,--,,钨,硬质合金,钨制硬质合金和钨、钼、钽、铌等有色金属及其深加工产品和装备的研制、开发、生产、销售及贸易业务。
215,000659,珠海中富,珠海中富实业股份有限公司,广东,珠海市,--,--,1896,1996-12-03,--,,包装印刷,饮料包装制品、饮料加工、胶罐业务、纸杯业务,"从事碳酸饮料、热灌装饮料、饮用水和啤酒包装用PET瓶、PET瓶胚、标签、外包装薄膜、胶罐、纸杯的生产与销售,并同时为企业提供饮用水、热灌装饮料代加工灌装服务。"
216,000661,长春高新,长春高新技术产业(集团)股份有限公司,吉林,长春市,107.47亿,38.97亿,8045,1996-12-18,--,,生物医药,房地产、基因生物制药、中成药、服务业,"以生物制药、中成药生产及销售、房地产开发为主导产业,辅以开发区基础设施建设、物业管理等。"
217,000662,天夏退,天夏智慧城市科技股份有限公司,广西,梧州市,--,--,37,1996-12-16,--,,行业应用软件,智慧城市,软件产品销售、系统集成建设与运营服务。
218,000663,永安林业,福建省永安林业(集团)股份有限公司,福建,三明市,--,--,592,1996-12-06,--,,木材加工,林业、人造板、家具装饰,森林资源培育与林木采伐经营、人造板经营。
219,000665,湖北广电,湖北省广播电视信息网络股份有限公司,湖北,武汉市,--,--,7726,1996-12-10,--,,有线电视,数字电视业务、时移回看业务、互动点播业务、增值业务、数据宽带业务、信息化业务、电视+互联网应用业务,有线电视网络运营。
220,000666,经纬纺机,经纬纺织机械股份有限公司,北京,北京市,--,--,7770,1996-12-10,--,,其他非银行金融,纺织机械、金融信托、资金投资、非纺机,纺织机械业务及金融信托业务。
221,000667,美好置业,美好置业集团股份有限公司,云南,昆明市,--,--,1988,1996-12-05,--,,房地产开发,房地产、PPP项目、农业、设计、施工、混凝土预制构件总承包,房地产开发、装配式建筑业务。
222,000668,荣丰控股,荣丰控股集团股份有限公司,上海,上海市,--,--,167,1996-12-10,--,,房地产开发,租赁、商品房销售、物业管理,房地产开发。
223,000669,ST金鸿,金鸿控股集团股份有限公司,吉林,吉林市,--,--,1160,1996-12-10,--,,燃气,燃气业务、环保业务,天然气综合利用业务，包括气源开发与输送、长输管网建设与管理、城市燃气经营与销售、车用加气站投资与运营、LNG点供、分布式能源项目开发与建设等。
224,000670,*ST盈方,盈方微电子股份有限公司,湖北,荆州市,28.90亿,5582.92万,159,1996-12-17,--,,半导体材料,集成电路设计及销售业务、电子元器件分销,集成电路芯片的研发、设计和销售、电子元器件分销。
225,000671,阳光城,阳光城集团股份有限公司,福建,福州市,--,--,21319,1996-12-18,--,,房地产开发,房地产、建工板块、酒店及其他板块,房地产开发与销售。
226,000672,上峰水泥,甘肃上峰水泥股份有限公司,甘肃,白银市,--,--,2433,1996-12-18,--,,水泥,基础建材产品,水泥熟料、水泥、特种水泥、混凝土、骨料等建材产品的生产制造和销售。
227,000673,*ST当代,当代东方投资股份有限公司,山西,大同市,--,--,265,1997-01-24,--,,影视,文化传媒,电视剧、影院运营、演唱会以及云计算、大数据、IT系统集成业务。
228,000676,智度股份,智度科技股份有限公司,广东,广州市,--,--,895,1996-12-24,--,,其他互联网服务,互联网媒体业务、数字营销业务,互联网媒体业务、数字营销业务及其他业务。
229,000677,恒天海龙,恒天海龙股份有限公司,山东,潍坊市,--,--,931,1996-12-26,--,,粘胶纤维,帘帆布,粘胶纤维及帘帆布的生产与销售。
230,000678,襄阳轴承,襄阳汽车轴承股份有限公司,湖北,襄阳市,--,--,3515,1997-01-06,--,,汽车零部件,汽车零部件、机器设备,从事轴承及其零部件的生产、科研、销售及相关业务。
231,000679,大连友谊,大连友谊(集团)股份有限公司,辽宁,大连市,--,--,467,1997-01-24,--,,百货,商品零售、房地产销售,以零售业、酒店业、房地产业为主，其它策略性投资为补充。
232,000680,山推股份,山推工程机械股份有限公司,山东,济宁市,91.60亿,2.11亿,5124,1997-01-22,--,,工程机械,工业产品销售、商业产品销售,建筑工程机械、矿山机械、农田基本建设机械、收获机械及配件的研究、开发、制造、销售、租赁、维修及技术咨询服务。
233,000681,视觉中国,视觉(中国)文化发展股份有限公司,江苏,常州市,--,--,483,1997-01-21,--,,网络媒体,互联网传媒,提供优质正版图片、视频等视觉内容及增值服务
234,000682,东方电子,东方电子股份有限公司,山东,烟台市,--,--,5665,1997-01-21,--,,电气自控设备,信息技术相关产业、非信息技术相关产业,电子及通信设备开发、生产、销售及咨询服务。
235,000683,远兴能源,内蒙古远兴能源股份有限公司,内蒙古,鄂尔多斯市,121.49亿,56.86亿,4467,1997-01-31,--,,纯碱,天然碱法制纯碱、小苏打、煤炭、煤制尿素、天然气制甲醇,天然碱法制纯碱和小苏打、煤炭、煤制尿素、天然气制甲醇等产品的生产和销售。
236,000685,中山公用,中山公用事业集团股份有限公司,广东,中山市,--,--,4606,1997-01-23,--,,污水处理,供水、污水、废液处理、市场租赁业、物业管理、客运服务、垃圾处理及发电收入、工程安装、环卫、利息,为保水务、固废处理、环卫服务、工程建设、金融与股权投资、市场运营、港口客运等领域。
237,000686,东北证券,东北证券股份有限公司,吉林,长春市,--,--,2858,1997-02-27,--,,证券,证券经纪、证券投资咨询、证券承销与保荐、融资融券、证券投资基金代销、代销金融产品业务,大零售业务、大投行业务、投资与销售交易业务和资产管理业务四个板块。
238,000687,*ST华讯,华讯方舟股份有限公司,河北,保定市,--,--,122,1997-02-21,--,,通信终端设备,军事通信及配套产品,军事通信应用领域相关产品及系统的研发、生产和销售。
239,000688,国城矿业,国城矿业股份有限公司,重庆,重庆市,17.09亿,1.88亿,1259,1997-01-20,--,,铅锌,有色金属采选业务、工业硫酸业务,有色金属采选业务及工业硫酸生产业务。
240,000690,宝新能源,广东宝丽华新能源股份有限公司,广东,梅州市,--,--,1312,1997-01-28,--,,火电,新能源发电、金融投资,新能源发电、金融投资。
241,000691,亚太实业,甘肃亚太实业发展股份有限公司,甘肃,兰州市,--,--,444,1997-02-28,--,,房地产开发,商品房、化工产品,精细化工产品的研发、生产及销售。
242,000692,惠天热电,沈阳惠天热电股份有限公司,辽宁,沈阳市,--,--,2426,1997-02-27,--,,其他发电,供热、设计,民用和工业用供热和供汽。
243,000695,滨海能源,天津滨海能源发展股份有限公司,天津,天津市,--,--,933,1997-02-18,--,,其他发电,印刷业务,包装印刷业务。
244,000697,炼石航空,炼石航空科技股份有限公司,陕西,咸阳市,--,--,1714,1997-03-25,--,,稀有金属,钼精粉、商用航空部件,航空精密零部件、结构件的生产和销售。
245,000698,沈阳化工,沈阳化工股份有限公司,辽宁,沈阳市,101.32亿,1.07亿,2621,1997-02-20,--,,石油加工,石油化工、氯碱化工、聚醚化工、其他,从事氯碱、石油、聚醚多元醇等化工产品的生产和销售。
246,000700,模塑科技,江南模塑科技股份有限公司,江苏,无锡市,--,--,5810,1997-02-28,--,,汽车零部件,汽车装饰件、房地、铸件、医疗,从事汽车保险杠等零部件、塑料制品、模具、模塑高科技产品的开发、生产和销售。
247,000701,厦门信达,厦门信达股份有限公司,福建,厦门市,--,--,5354,1997-02-26,--,,贸易,汽车经销业务、供应链业务、信息科技板块,汽车经销业务、供应链业务、物联网业务及光电业务。
248,000702,正虹科技,湖南正虹科技发展股份有限公司,湖南,岳阳市,--,--,1268,1997-03-18,--,,饲料,饲料、饲养、其他,研发生产销售饲料产品。
249,000703,恒逸石化,恒逸石化股份有限公司,广西,北海市,--,--,18154,1997-03-28,--,,涤纶,石化、聚酯、贸易,各类化工品、油品、化纤产品的研发、生产和销售。
250,000705,浙江震元,浙江震元股份有限公司,浙江,绍兴市,--,--,1938,1997-04-10,--,,医药商业,医药,从事药品生产、销售。
251,000707,双环科技,湖北双环科技股份有限公司,湖北,孝感市,30.64亿,4.23亿,1192,1997-04-15,--,,纯碱,联碱及其他化工产品、商品房销售、物业收入,联碱产品的生产与销售。
252,000708,中信特钢,中信泰富特钢集团股份有限公司,湖北,黄石市,973.32亿,79.61亿,23238,1997-03-26,--,,特钢,合金钢棒材、合金钢线材、特种钢板、特种无缝钢管、其他业务,专业化特殊钢材料制造。
253,000709,河钢股份,河钢股份有限公司,河北,石家庄市,--,--,35336,1997-04-16,--,,普钢,板材、棒材及型材、线材、带钢、钢坯、钒产品、气体、水电,黑色金属的冶炼和加工。
254,000710,贝瑞基因,成都市贝瑞和康基因技术股份有限公司,四川,成都市,--,--,1496,1997-04-22,--,,汽车零部件,基因检测、设备、试剂,以高通量测序技术为基础的基因检测服务和设备、试剂销售。
255,000711,京蓝科技,京蓝科技股份有限公司,黑龙江,哈尔滨市,--,--,1078,1997-04-11,--,,节水灌溉,生态节水运营服务业务、园林环境科技服务业务、土壤修复运营服务业务、环境治理技术服务业务,智慧生态运营服务、清洁能源服务综合在内的生态环保业务。
256,000712,锦龙股份,广东锦龙发展股份有限公司,广东,清远市,10.06亿,-1.41亿,1422,1997-04-15,--,,证券,证券公司业务,证券公司业务
257,000713,丰乐种业,合肥丰乐种业股份有限公司,安徽,合肥市,--,--,1204,1997-04-22,--,,种子,杂交水稻种子、杂交玉米种子、常规水稻种子、瓜菜种子、小麦种子、油菜种子、棉花种子、除草剂、杀虫剂、杀菌剂、种衣剂、天然薄荷脑、薄荷素油,种子和农化、香料产业。
258,000715,中兴商业,中兴-沈阳商业大厦(集团)股份有限公司,辽宁,沈阳市,8.68亿,1.36亿,1335,1997-05-08,--,,百货,零售、服务费,经营百货商场、连锁超市，停车场服务，非居住房地产租赁，普通货物仓储服务，初级农产品加工销售等。
259,000716,黑芝麻,南方黑芝麻集团股份有限公司,广西,南宁市,--,--,2170,1997-04-18,--,,植物蛋白饮料,冲调系列产品、饮料系列产品、养生系列产品、休闲系列产品,生产销售黑芝麻系列及其他食品、饮料，从事物流大宗商品及农产品贸易、农产品初加工及仓储、装卸、物流服务、电商服务等。
260,000717,韶钢松山,广东韶钢松山股份有限公司,广东,韶关市,--,--,6058,1997-05-08,--,,普钢,特钢棒材、工业线材、中厚板材、建筑用材,制造、加工、销售钢铁冶金产品、金属制品、焦炭及煤化工产品等。
261,000718,苏宁环球,苏宁环球股份有限公司,吉林,吉林市,--,--,777,1997-04-08,--,,房地产开发,房地产业、建筑业、酒店业、文化创意业,房地产开发。
262,000719,中原传媒,中原大地传媒股份有限公司,河南,郑州市,--,--,14172,1997-03-31,--,,平面媒体,出版业务、发行业务、物资销售业务,从事出版物的编辑、生产和市场推广，通过形式多样、门类齐全的出版产品，为广大消费者提供知识、信息和精神文化需求服务。
263,000720,新能泰山,山东新能泰山发电股份有限公司,山东,泰安市,--,--,884,1997-05-09,--,,火电,房屋销售、电缆、供应链、租赁及物业,产业园开发、综合资产运营及大宗商品供应链。
264,000721,西安饮食,西安饮食股份有限公司,陕西,西安市,--,--,3338,1997-04-30,--,,餐饮,餐饮服务、生产制造、租赁,传统餐饮服务和工业化食品的生产及销售。
265,000722,湖南发展,湖南发展集团股份有限公司,湖南,长沙市,4.78亿,1.18亿,285,1997-05-22,--,,水电,电力、砂石、健康产业,能源、健康养老及砂石资源。
266,000723,美锦能源,山西美锦能源股份有限公司,山西,太原市,--,--,4106,1997-05-15,--,,焦炭,焦化产品及副产品、其他,煤炭、焦化、天然气、氢燃料电池汽车为主的新能源汽车等商品的生产销售。
267,000725,京东方A,京东方科技集团股份有限公司,北京,北京市,2193.10亿,304.32亿,79461,2001-01-12,--,,显示器件,显示事业、智慧系统创新事业、智慧医工事业、传感器及解决方案事业,显示器件业务、智慧系统产品业务、智慧健康服务业务。
268,000726,鲁泰A,鲁泰纺织股份有限公司,山东,淄博市,--,--,22583,2000-12-25,--,,棉纺,面料产品、衬衣产品、棉花、电和汽、防火用品,生产销售中、高档衬衫用色织布面料、印染面料、成衣等产品。
269,000727,冠捷科技,冠捷电子科技股份有限公司,江苏,南京市,--,--,22689,1997-05-20,--,,显示器件,显示器、电视、影音,智能显示终端产品的研发、制造、销售与服务。
270,000728,国元证券,国元证券股份有限公司,安徽,合肥市,61.10亿,19.11亿,3688,1997-06-16,--,,证券,经纪业务、资产管理业务、证券信用业务、投行业务、自营投资业务,证券经纪业务、证券信用业务、投资银行业务、自营投资业务、资产管理业务。
271,000729,燕京啤酒,北京燕京啤酒股份有限公司,北京,北京市,--,--,27984,1997-07-16,--,,啤酒,啤酒、矿泉水、茶饮料、饲料,啤酒、饮用水、啤酒原料、茶饮料、酵母、饲料等产品的制造和销售。
272,000731,四川美丰,四川美丰化工股份有限公司,四川,德阳市,--,--,2370,1997-06-17,--,,氮肥,化学肥料、天然气、贸易,"尿素,复合肥,氮氧化物还原剂,三聚氰胺,硝酸,硝铵,包装塑料制品及LNG(液化天然气)等化工产品的制造与销售。"
273,000732,泰禾集团,泰禾集团股份有限公司,福建,福州市,--,--,6096,1997-07-04,--,,房地产开发,房地产、服务、零售,住宅地产和商业地产的开发及运营。
274,000733,振华科技,中国振华(集团)科技股份有限公司,贵州,贵阳市,--,--,6937,1997-07-03,--,,电子元件,现代服务业、整机及系统、新型电子元器件,新型电子元器件和现代服务业。
275,000735,罗牛山,罗牛山股份有限公司,海南,海口市,--,--,2750,1997-06-11,--,,畜牧养殖,生猪、肉制品、教育、商品房、冷链物流服务,生猪养殖及销售、生猪贸易、肉类加工及销售、房地产、教育等。
276,000736,中交地产,中交地产股份有限公司,重庆,重庆市,--,--,1369,1997-04-25,--,,房地产开发,房地产销售、房产租赁、物业管理,房地产开发经营与销售业务。
277,000737,北方铜业,北方铜业(山西)股份有限公司,山西,运城市,--,--,1138,1997-04-28,--,,日用化学品,无机盐系列产品,铜矿开采、铜选矿、冶炼、加工制品、含金铜精矿、阳极泥、金锭、银锭、硫酸、硒粉、铜及铜合金、高精度铜板带、高性能压延铜箔、覆铜板的生产销售。
278,000738,航发控制,中国航发动力控制股份有限公司,江苏,无锡市,41.57亿,5.15亿,7294,1997-06-26,--,,航空装备,发动机控制系统及衍生产品、国际合作、非航空产品,航空发动机控制系统及衍生产品、国际合作业务、非航空产品及其他。
279,000739,普洛药业,普洛药业股份有限公司,浙江,金华市,89.43亿,9.56亿,6133,1997-05-09,--,,化学原料药,原料药中间体、合同研发生产、制剂,原料药中间体、合同研发生产服务（CDMO）、制剂业务和进出口贸易业务。
280,000750,国海证券,国海证券股份有限公司,广西,南宁市,51.70亿,9.07亿,3902,1997-07-09,--,,证券,零售财富管理业务、企业金融服务业务、投资管理业务、销售交易与投资业务、信用业务,证券经纪、投资银行、证券自营、资产管理。
281,000751,锌业股份,葫芦岛锌业股份有限公司,辽宁,葫芦岛市,228.44亿,2.30亿,6738,1997-06-26,--,,铅锌,有色金属冶炼、有色金属贸易,有色金属锌、铅冶炼及深加工产品，同时综合回收有价金属镉、铟、金、银、铋等，并副产硫酸、硫酸锌等。
282,000752,*ST西发,西藏发展股份有限公司,西藏,拉萨市,--,--,266,1997-06-25,--,,啤酒,啤酒,生产、销售啤酒、饮料。
283,000753,漳州发展,福建漳州发展股份有限公司,福建,漳州市,--,--,1722,1997-06-26,--,,汽车销售,汽车销售、自来水生产、污水处理、工程施工、贸易、房地产开发,水务业务、汽贸业务、地产业务及工程建设。
284,000755,山西路桥,山西路桥股份有限公司,山西,太原市,--,--,397,1997-06-27,--,,其他化学原料,高速公路管理与运营,高速公路管理与运营。
285,000756,新华制药,山东新华制药股份有限公司,山东,淄博市,65.60亿,3.62亿,6533,1997-08-06,--,,化学原料药,化学原料药、制剂、医药中间体,开发、制造及销售化学原料药、制剂以及化工产品。
286,000757,浩物股份,四川浩物机电股份有限公司,四川,成都市,--,--,2341,1997-06-27,--,,汽车零部件,机械配件、整车销售、汽车后市场服务,汽车发动机曲轴生产销售、汽车及配件销售、汽车维修、汽车保险代理、汽车装饰装潢等业务。
287,000758,中色股份,中国有色金属建设股份有限公司,北京,北京市,--,--,5064,1997-04-16,--,,铅锌,承包工程、有色金属产品、冶金机械,有色金属采选与冶炼、国际工程承包。
288,000759,中百集团,中百控股集团股份有限公司,湖北,武汉市,123.31亿,-1314.16万,19182,1997-05-19,--,,超市,超市、百货,商业零售。
289,000760,斯太退,斯太尔动力股份有限公司,湖北,荆州市,--,--,30,1997-06-27,--,,汽车零部件,柴油发动机,汽车零部件制造与销售
290,000761,本钢板材,本钢板材股份有限公司,辽宁,本溪市,779.12亿,25.34亿,18858,1998-01-15,--,,普钢,汽车表面板、家电板、石油管线钢、集装箱板、船板等,有钢铁冶炼、压延加工、发电、煤化工、特钢型材、铁路、进出口贸易、科研、产品销售等。
291,000762,西藏矿业,西藏矿业发展股份有限公司,西藏,拉萨市,--,--,606,1997-07-08,--,,其他稀有小金属,采选冶、贸易,铬铁矿、锂矿的开采、加工及销售和贸易业务。
292,000766,通化金马,通化金马药业集团股份有限公司,吉林,通化市,--,--,1990,1997-04-30,--,,中药生产,中成药、化学药、原料药,医药产品的研发、生产与销售。
293,000767,晋控电力,晋能控股山西电力股份有限公司,山西,太原市,--,--,8048,1997-06-09,--,,火电,电力、热力、燃煤、检修服务、节能技术服务、技术研究服务,电力商品、热力商品生产和销售。
294,000768,中航西飞,中航西安飞机工业集团股份有限公司,陕西,西安市,327.00亿,6.53亿,25270,1997-06-26,--,,航空装备,军用飞机整机、飞机零部件、航空服务,军用大中型飞机整机、军民用航空零部件产品的研发、制造、销售、维修与服务。
295,000776,广发证券,广发证券股份有限公司,广东,广州市,342.50亿,120.55亿,13174,1997-06-11,--,,证券,投资银行、财富管理、交易及机构、投资管理,投资银行业务、财富管理业务、交易及机构业务和投资管理业务。
296,000777,中核科技,中核苏阀科技实业股份有限公司,江苏,苏州市,--,--,1156,1997-07-10,--,,基础件,阀门,工业阀门的研发、设计、制造及销售。
297,000778,新兴铸管,新兴铸管股份有限公司,河北,邯郸市,--,--,15837,1997-06-06,--,,普钢,金属制品,离心球墨铸铁管及配套管件、铸造制品、钢塑复合管、钢格板、特种钢管、钢铁冶炼及压延加工等。
298,000779,甘咨询,甘肃工程咨询集团股份有限公司,甘肃,兰州市,--,--,4236,1997-05-28,--,,毛纺,工程咨询,工程咨询技术业务
299,000780,ST平能,内蒙古平庄能源股份有限公司,内蒙古,赤峰市,--,--,6926,1997-06-06,--,,煤炭开采洗选,煤炭,煤炭生产、洗选加工、销售。
300,000782,美达股份,广东新会美达锦纶股份有限公司,广东,江门市,33.20亿,5626.37万,2475,1997-06-19,--,,锦纶,切片、纺织印染布、弹力丝,锦纶6切片和纺丝的生产、销售。
301,000783,长江证券,长江证券股份有限公司,湖北,武汉市,--,--,6364,1997-07-31,--,,证券,经纪及证券金融业务、证券自营业务、投资银行业务、资产管理业务、另类投资及私募股权投资管理业务、海外业务,提供经纪及证券金融、投资银行、资产管理、投资、海外业务等全方位综合金融服务。
302,000785,居然之家,居然之家新零售集团股份有限公司,湖北,武汉市,--,--,11239,1997-07-11,--,,百货,租赁及其管理、加盟管理、装修服务、商品销售、贷款保理利息,从事零售业务，业态主要包含现代百货、购物中心以及超市和家居卖场业务、家居建材超市业务和家装业务。
303,000786,北新建材,北新集团建材股份有限公司,北京,北京市,210.86亿,35.52亿,13590,1997-06-06,--,,其他建材,轻质建材、防水建材,为各类建筑提供：石膏板龙骨万能板矿棉板“全屋装配”室内系统、防水材料、涂料粉料砂浆系统，为客户提供绿色建筑系统解决方案。
304,000788,北大医药,北大医药股份有限公司,重庆,重庆市,--,--,787,1997-06-16,--,,生物医药,抗微生物、治疗精神障碍、调节血糖,主要从事化学药品制剂的研发、生产和销售，医药流通以及医疗服务。
305,000789,万年青,江西万年青水泥股份有限公司,江西,南昌市,--,--,6596,1997-09-23,--,,水泥,硅酸盐水泥、商品混凝土、新型墙材,从事硅酸盐水泥、商品混凝土以及新型墙材的生产和销售。
306,000790,华神科技,成都华神科技集团股份有限公司,四川,成都市,--,--,707,1998-03-27,--,,中药生产,中西成药、生物制药、钢结构制作安装服务,中西成药、生物制药的生产与销售及钢结构房屋建筑设计与施工。
307,000791,甘肃电投,甘肃电投能源发展股份有限公司,甘肃,兰州市,20.12亿,3.17亿,1836,1997-10-14,--,,水电,电力产品,水力发电、风力发电和光伏发电。
308,000792,盐湖股份,青海盐湖工业股份有限公司,青海,海西蒙古族藏族自治州,--,--,6337,1997-09-04,--,,钾肥,氯化钾、盐湖资源综合利用、化工产品、PVC、水泥、百货、碳酸锂、运输,钾肥和锂盐的开发、生产和销售
309,000793,华闻集团,华闻传媒投资集团股份有限公司,海南,海口市,--,--,652,1997-07-29,--,,平面媒体,传播与文化、数字内容服务、动漫产品及动漫服务、信息技术服务,传媒业务及文旅业务的经营。
310,000795,英洛华,英洛华科技股份有限公司,浙江,金华市,37.60亿,9791.92万,4239,1997-08-08,--,,磁性材料,稀土永磁材料与制品、电机系列产品,钕铁硼磁性材料和电机系列产品的研发、生产和销售。
311,000796,凯撒旅业,凯撒同盛发展股份有限公司,海南,三亚市,--,--,4270,1997-07-03,--,,旅游服务,航空配餐及服务、铁路配餐及服务、旅游服务、物业租赁、信息服务,旅游服务和航空、铁路餐饮服务及系统集成等。
312,000797,中国武夷,中国武夷实业股份有限公司,福建,福州市,--,--,6017,1997-07-15,--,,房地产开发,建筑产品、房地产开发产品、商业贸易、劳务、技术服务、物业管理、租赁,国内外房地产开发、国际工程承包、物业管理、国际贸易和零售业务等。
313,000798,中水渔业,中水集团远洋股份有限公司,北京,北京市,4.62亿,-8886.87万,1058,1998-02-12,--,,海洋渔业,金枪鱼、鱿鱼、秋刀鱼,远洋水产品的捕捞、储运、销售和进出口以及紫菜、海带等产品的加工及销售等。
314,000799,酒鬼酒,酒鬼酒股份有限公司,湖南,湘西土家族苗族自治州,--,--,1703,1997-07-18,--,,白酒,酒类,生产和销售白酒系列产品。
315,000800,一汽解放,一汽解放集团股份有限公司,吉林,长春市,987.51亿,39.00亿,20684,1997-06-18,--,,乘用车,商用车、乘用车、备品,商用车整车的研发、生产和销售
316,000801,四川九洲,四川九洲电器股份有限公司,四川,绵阳市,--,--,2951,1998-05-06,--,,视听器材,智能终端产品、空管产品、微波射频业务,智能终端、空管产品、微波射频的技术研发、产品制造、销售等业务。
317,000802,ST北文,北京京西文化旅游股份有限公司,北京,北京市,--,--,80,1998-01-08,--,,影视,影视及经纪、旅游、酒店服务,影视文化业务，包含电影、电视剧网剧、艺人经纪、新媒体等业务板块。
318,000803,北清环能,北清环能集团股份有限公司,四川,南充市,8.27亿,8356.52万,704,1998-03-03,--,,纺织,城乡有机废弃物的无害化处理、资源化利用与城市清洁供热,城乡有机废弃物的无害化处理及资源化利用与城市清洁供热业务。
319,000806,ST银河,北海银河生物产业投资股份有限公司,广西,北海市,--,--,2009,1998-04-16,--,,其他输变电设备,输配电及控制设备制造、电子元器件、软件开发系统集成、医药生物,电子信息产业、输配电产业、生物医药产业。
320,000807,云铝股份,云南铝业股份有限公司,云南,昆明市,416.69亿,42.12亿,11662,1998-04-08,--,,铝,电解铝、铝加工产品,铝土矿开采、氧化铝生产、铝冶炼、铝加工及铝用阳极炭素生产和销售。
321,000809,铁岭新城,铁岭新城投资控股(集团)股份有限公司,辽宁,铁岭市,--,--,157,1998-06-16,--,,房地产开发,土地一级开发、供水、污水、广告、租赁、商品销售、湿地治理、房屋租赁、供水配件销售、供水相关服务、通信管网,土地一级开发、新城区供水、污水处理、户外广告传媒、出租车运营及物资批发和零售等。
322,000810,创维数字,创维数字股份有限公司,四川,遂宁市,108.47亿,4.15亿,7634,1998-06-02,--,,机顶盒,智能终端、宽带设备、专业显示、服务运营,数字电视智能终端及软件系统与平台的研究、开发、生产、销售、运营与服务。
323,000811,冰轮环境,冰轮环境技术股份有限公司,山东,烟台市,53.83亿,3.14亿,1446,1998-05-28,--,,制冷空调设备,工商业制冷设备、制冷空调,从事低温冷冻设备、中央空调设备、节能制热设备及应用系统集成、工程成套服务、智慧服务。
324,000812,陕西金叶,陕西金叶科教集团股份有限公司,陕西,西安市,--,--,1739,1998-06-23,--,,包装印刷,烟标、烟用丝束、咀棒、社会产品、教学、互联网接入、贸易、商品房、物业管理,烟草配套产业、教育产业、房地产业、医养产业。
325,000813,德展健康,德展大健康股份有限公司,新疆,乌鲁木齐市,--,--,1132,1998-05-19,--,,生物医药,药品销售、研发销售、材料销售,药品的研发、生产和销售。
326,000815,美利云,中冶美利云产业投资股份有限公司,宁夏,中卫市,--,--,1153,1998-06-09,--,,造纸,造纸、云板块、光伏发电,文化用纸及彩色纸的生产与销售。
327,000816,智慧农业,江苏农华智慧农业科技股份有限公司,江苏,盐城市,22.82亿,6436.93万,1478,1997-08-18,--,,内燃机,内燃机及终端产品、零部件、金属矿产品、贸易产品、农业信息化,机械制造、矿业采选、国际国内贸易和现代农业生产服务。
328,000818,航锦科技,航锦科技股份有限公司,辽宁,葫芦岛市,--,--,4327,1997-10-17,--,,聚氨酯,化工、电子,半导体电子和基础化工原料。
329,000819,岳阳兴长,岳阳兴长石化股份有限公司,湖南,岳阳市,19.52亿,7261.51万,639,1997-06-25,--,,石油加工,聚合级丙烯、液化石油气、MTBE、聚丙烯树脂粉料、烷基化油,石油化工产品的开发、生产、销售。
330,000820,*ST节能,神雾节能股份有限公司,江西,南昌市,--,--,42,1998-06-30,--,,节能环保,工程咨询设计、设备销售,节能环保行业清洁冶炼业务。
331,000821,京山轻机,湖北京山轻工机械股份有限公司,湖北,荆门市,--,--,3472,1998-06-26,--,,印刷包装设备,光伏智能成套装备、包装智能成套装备,高端智能成套装备的研发、设计、制造、销售与服务。
332,000822,山东海化,山东海化股份有限公司,山东,潍坊市,58.51亿,6.05亿,4631,1998-07-03,--,,纯碱,化工产品,纯碱、溴素、氯化钙等产品的生产和销售。
333,000823,超声电子,广东汕头超声电子股份有限公司,广东,汕头市,--,--,7056,1997-10-08,--,,电子元件,印制线路板、液晶显示器、液晶触摸屏、超薄及特种覆铜板、超声电子仪器、覆铜板,印制线路板、液晶显示器、超薄及特种覆铜板、超声电子仪器的研制、生产和销售。
334,000825,太钢不锈,山西太钢不锈钢股份有限公司,山西,太原市,--,--,18786,1998-10-21,--,,普钢,不锈钢、冷轧硅钢、碳钢热轧卷板、火车轮轴钢、合金模具钢、军工钢,不锈钢及其它钢材、钢坯、钢锭、黑色金属、铁合金、金属制品的生产、销售；钢铁生产所需原辅材料的国内贸易和进出口等业务。
335,000826,启迪环境,启迪环境科技发展股份有限公司,湖北,宜昌市,--,--,80946,1998-02-25,--,,污水处理,污水处理业务、自来水业务、固体废物处理业务、再生资源处理业务、环保设备安装及技术咨询业务、市政施工、环卫服务业务,固废收集处置全产业链及水务生态综合治理领域，致力于为客户提供专业化环境治理整体解决方案。
336,000828,东莞控股,东莞发展控股股份有限公司,广东,东莞市,--,--,874,1997-06-17,--,,高速公路,交通运输辅助业务、融资租赁业务、商业保理业务、新能源汽车充电业务,交通基础设施产业、投资管理业务。
337,000829,天音控股,天音通信控股股份有限公司,江西,赣州市,--,--,3249,1997-12-02,--,,专业连锁,通信产品销售、零售电商、通信产品维修、彩票业务,智能终端分销业务、彩票业务、零售电商业务、移动转售和移动互联网业务。
338,000830,鲁西化工,鲁西化工集团股份有限公司,山东,聊城市,--,--,12511,1998-08-07,--,,氮肥,化工新材料、基础化工、化肥产品、其他业务,化肥、化工产品生产与销售，承揽工业设备制作安装。
339,000831,五矿稀土,五矿稀土股份有限公司,山西,运城市,--,--,365,1998-09-11,--,,稀土,稀土氧化物、试剂、技术服务,从事稀土氧化物生产、稀土技术研发及咨询服务等。
340,000833,粤桂股份,广西粤桂广业控股股份有限公司,广西,贵港市,30.59亿,2.84亿,3127,1998-11-11,--,,制糖,机制糖、加工贸易糖、造纸、采矿业、化工、房产销售,机制糖（白砂糖、赤砂糖）的生产和销售，纸浆和机制纸（文化纸、生活用纸原纸）的生产和销售，硫铁矿的开采、加工、销售，硫酸、试剂酸（精制硫酸）、铁矿粉（硫铁矿烧渣）和磷肥（普通过磷酸钙）的生产和销售。同时，开展食糖贸易业务。
341,000835,*ST长动,长城国际动漫游戏股份有限公司,四川,成都市,237.12万,-4.54亿,26,1999-06-25,--,,游戏,动漫产品、动漫衍生品、游戏产品、旅游服务,动漫设计、制作及发行、游戏开发及运营、创意旅游和衍生品销售。
342,000836,富通信息,天津富通信息科技股份有限公司,天津,天津市,--,--,847,1997-09-29,--,,通信传输设备,光通信网络产品、石英管材制品,从事以光纤光缆制造为核心的光通信业务和以石英管材产品为辅助的石英制品业务。
343,000837,秦川机床,秦川机床工具集团股份公司,陕西,宝鸡市,50.52亿,3.29亿,9898,1998-09-28,--,,机床设备,机床及零部件、融资租赁及商业保理、进出口贸易,研发、生产和销售齿轮磨床、螺纹磨床、外圆磨床（曲轴磨、球面磨、车轴磨）、滚齿机、车齿机、通用数控车床及加工中心、龙门式车铣镗复合加工中心、精密高效拉床、塑料机械（中空机）等高端数控装备；数控复杂刀具、高档数控系统、滚动功能部件、汽车零部件、特种齿轮箱、机器人关节减速器、螺杆转子副、精密齿轮、精密仪器仪表、精密铸件等零部件产品；提供智能制造及自动化生产线、智能机床等智能制造及核心数控技术、装备等系统集成业务。
344,000838,财信发展,财信地产发展集团股份有限公司,重庆,重庆市,--,--,579,1997-06-26,--,,房地产开发,房地产、环保板块,房地产开发和环保。
345,000839,中信国安,中信国安信息产业股份有限公司,北京,北京市,--,--,22670,1997-10-31,--,,电池,有线电视业务、增值电信业务、网络系统集成及应用软件开发业务、房地产业务,信息网络基础设施业务中的有线电视网、卫星通信网的投资建设，以及基于有线电视投资所积累用户资源而开展的增值服务等创新业务。
346,000848,承德露露,河北承德露露股份有限公司,河北,承德市,--,--,1070,1997-11-13,--,,植物蛋白饮料,植物蛋白饮料,饮料（蛋白饮料类）的开发、生产；马口铁包装罐生产与销售。
347,000850,华茂股份,安徽华茂纺织股份有限公司,安徽,安庆市,--,--,4762,1998-10-07,--,,棉纺,纺织,各类混纺纱线、织物、面料、产业用布及服装的生产与销售；投资管理。
348,000851,高鸿股份,大唐高鸿数据网络技术股份有限公司,贵州,安顺市,--,--,1173,1998-06-09,--,,信息服务,通信设备产品、计算机涉密及系统集成、信息服务业务、IT销售业务,企业信息化业务、信息服务业务、IT销售业务。
349,000852,石化机械,中石化石油机械股份有限公司,湖北,武汉市,--,--,5212,1998-11-26,--,,矿山冶金机械,石油机械设备、钻头及钻具、油气钢管,油气开采机械设备、钻头钻具、井下工具、压缩机以及油气钢管产品的设计、研发、制造、销售、租赁和一体化服务。
350,000856,冀东装备,唐山冀东装备工程股份有限公司,河北,唐山市,34.50亿,1733.72万,1760,1998-08-13,--,,其他专用机械,机械设备及备件、土建安装、维修工程、电气设备及备件、其他业务,水泥装备制造及维修业务。
351,000858,五粮液,宜宾五粮液股份有限公司,四川,宜宾市,--,--,25882,1998-04-27,--,,白酒,制造,白酒生产和销售。
352,000859,国风新材,安徽国风新材料股份有限公司,安徽,合肥市,19.10亿,2.78亿,1283,1998-11-19,--,,塑料制品,塑料薄膜、工程塑料、新型木塑建材,主要生产经营聚酰亚胺薄膜、包装膜材料、预涂膜材料、电容器用薄膜、高分子功能膜材料和电子信息用膜材料，以及木塑新材料、新能源汽车配套材料等。
353,000860,顺鑫农业,北京顺鑫农业股份有限公司,北京,北京市,--,--,4842,1998-11-04,--,,白酒,白酒、猪肉,白酒酿造与销售;种猪繁育、生猪养殖、屠宰及肉制品加工;房地产开发。
354,000861,海印股份,广东海印集团股份有限公司,广东,广州市,--,--,1126,1998-10-28,--,,物业租赁、物业管理,商业板块、百货业、酒店业、房产、金融板块,商业运营、文化娱乐及互联网金融
355,000862,银星能源,宁夏银星能源股份有限公司,宁夏,银川市,13.59亿,1.01亿,559,1998-09-15,--,,新能源发电,新能源发电、风机设备制造、提供劳务,新能源发电、新能源装备工程业务
356,000863,三湘印象,三湘印象股份有限公司,上海,上海市,30.06亿,2753.65万,454,1997-09-25,--,,房地产开发,文化演艺、房地产销售、房屋租赁,房地产开发与经营，文化旅游演艺类业务。
357,000868,安凯客车,安徽安凯汽车股份有限公司,安徽,合肥市,17.81亿,-2.83亿,2241,1997-07-25,--,,乘用车,整车,生产全系列客车和汽车零部件。
358,000869,张裕A,烟台张裕葡萄酿酒股份有限公司,山东,烟台市,--,--,2560,2000-10-26,--,,葡萄酒,葡萄酒、白兰地,生产经营葡萄酒和白兰地。
359,000875,吉电股份,吉林电力股份有限公司,吉林,长春市,131.78亿,7.85亿,4567,2002-09-26,--,,火电,电力、热力,从事火电、风电、太阳能发电、供热、工业供气的生产和销售。
360,000876,新希望,新希望六和股份有限公司,四川,成都市,--,--,95993,1998-03-11,--,,饲料,饲料、生猪、禽、食品、商贸,饲料、白羽肉禽、猪养殖、食品。
361,000877,天山股份,新疆天山水泥股份有限公司,新疆,乌鲁木齐市,1699.79亿,149.22亿,70829,1999-01-07,--,,水泥,水泥熟料、商品混凝土、骨料,水泥、熟料、商品混凝土的生产及销售。
362,000878,云南铜业,云南铜业股份有限公司,云南,昆明市,1270.58亿,12.96亿,9608,1998-06-02,--,,铜,阴极铜、硫酸、贵金属,铜的勘探、采选、冶炼，贵金属和稀散金属的提取与加工，硫化工以及贸易等领域。
363,000880,潍柴重机,潍柴重机股份有限公司,山东,潍坊市,34.11亿,1.37亿,2623,1998-04-02,--,,内燃机,通用设备制造,开发、制造和销售船舶动力和发电设备市场用30-12000马力的发动机及动力集成系统、发电机组及电力集成系统，兼顾经营柴油机零部件、船用齿轮箱配套等产品，并具有提供整套动力解决方案及电力解决方案。
364,000881,中广核技,中广核核技术发展股份有限公司,辽宁,大连市,--,--,4469,1998-09-02,--,,综合,改性高分子材料、进出口贸易、电子加速器及辐照加工,远洋运输、工程承包、房地产、国际劳务合作、进出口贸易和远洋渔业等业务；线缆用改性高分子材料、改性工程塑料、电子加速器的生产和销售以及辐照加工业务。
365,000882,华联股份,北京华联商厦股份有限公司,北京,北京市,--,--,1192,1998-06-16,--,,物业经营,租赁及物业管理、电影放映及卖品、保理服务,购物中心运营管理业务、影院运营管理业务和商业保理业务。
366,000883,湖北能源,湖北能源集团股份有限公司,湖北,武汉市,--,--,4063,1998-05-19,--,,火电,电力、天然气、煤炭、热力,能源投资、开发与管理。
367,000885,城发环境,城发环境股份有限公司,河南,郑州市,56.31亿,9.99亿,4712,1999-03-19,--,,水泥,道路通行、基础设施、服务区经营及广告、环保、环保工程承包及设备业务,"高速公路运营,水务、固体废弃物治理等城市基础设施建设，生活垃圾焚烧发电、市政污水处理、新环卫等环保领域。"
368,000886,海南高速,海南高速公路股份有限公司,海南,海口市,--,--,499,1998-01-23,--,,高速公路,房地产开发、广告业务、酒店业务、东线高速公路养护,房地产开发、交通基础设施投资建设、酒店业务。
369,000887,中鼎股份,安徽中鼎密封件股份有限公司,安徽,宣城市,--,--,19749,1998-12-03,--,,汽车零部件,汽车零部件,"液压气动密封件,汽车非轮胎橡胶制品(制动,减震除外)生产和销售。"
370,000888,峨眉山A,峨眉山旅游股份有限公司,四川,乐山市,--,--,2040,1997-10-21,--,,景区,峨眉山风景区、客运索道、宾馆酒店服务、旅行社,从事峨眉山风景区游山门票、客运索道、宾馆酒店服务以及其他相关旅游服务的经营。
371,000889,中嘉博创,中嘉博创信息技术股份有限公司,河北,秦皇岛市,--,--,4613,1997-12-18,--,,其他软件服务,行业短信、电信分成、技术开发服务、维护服务、流量、其他(工程),信息智能传输、通信网络维护和金融服务外包。
372,000890,法尔胜,江苏法尔胜股份有限公司,江苏,无锡市,--,--,348,1999-01-19,--,,金属制品,钢丝、钢丝绳,生产、销售多种用途、不同规格的钢丝、钢丝绳产品；生活垃圾渗滤液处理设备的开发、生产以及生活垃圾渗滤液处理设备的运营管理服务。
373,000892,欢瑞世纪,欢瑞世纪联合股份有限公司,重庆,重庆市,--,--,125,1999-01-15,--,,影视,电视剧及衍生品、电影及衍生品、艺人经纪、网络游戏,影视剧的制作发行、艺人经纪、游戏及影视周边衍生业务
374,000893,亚钾国际,亚钾国际投资(广州)股份有限公司,广东,广州市,8.33亿,9.09亿,1247,1998-12-24,--,,航运,钾肥、贸易,钾盐开采、钾肥生产及销售。
375,000895,双汇发展,河南双汇投资发展股份有限公司,河南,漯河市,667.98亿,48.84亿,46822,1998-12-10,--,,肉制品,高温肉制品、低温肉制品、生鲜品冻品,以屠宰业和肉类加工业为核心，向上游发展饲料业和养殖业，向下游发展包装业、商业，配套发展外贸业、调味品业等。
376,000897,津滨发展,天津津滨发展股份有限公司,天津,天津市,22.54亿,4.85亿,527,1999-04-22,--,,房地产开发,商品销售、房屋租赁、房地产销售、物业管理,房地产开发与销售。
377,000898,鞍钢股份,鞍钢股份有限公司,辽宁,鞍山市,1366.74亿,69.59亿,30412,1997-12-25,--,,普钢,钢压延加工业,黑色金属冶炼及钢压延加工。
378,000899,赣能股份,江西赣能股份有限公司,江西,南昌市,--,--,753,1997-11-26,--,,火电,火力发电、光伏发电,火力、水力发电。
379,000900,现代投资,现代投资股份有限公司,湖南,长沙市,160.99亿,5.97亿,3766,1999-01-28,--,,高速公路,交通运输辅助业、商品贸易,高速公路收费业务。
380,000901,航天科技,航天科技控股集团股份有限公司,黑龙江,哈尔滨市,58.05亿,4061.46万,6372,1999-04-01,--,,仪器仪表,航天制造、汽车电子、仪表制造、环保服务、电力设备制造,航天应用产品、汽车电子产品、车联网及工业物联网、石油仪器设备、电力设备的研发、生产和销售等。
381,000902,新洋丰,新洋丰农业科技股份有限公司,湖北,荆门市,--,--,7262,1999-04-08,--,,复合肥,磷肥、常规复合肥、新型复合肥、现代农业、贸易,磷复肥、新型肥料的研发、生产和销售，以及现代农业产业解决方案提供业务。
382,000903,云内动力,昆明云内动力股份有限公司,云南,昆明市,80.30亿,7492.97万,2644,1999-04-15,--,,汽车零部件,柴油机、电子,发动机业务和工业级电子产品业务。
383,000905,厦门港务,厦门港务发展股份有限公司,福建,厦门市,235.78亿,2.80亿,4907,1999-04-29,--,,港口,散杂货码头装卸、综合物流服务、港口贸易,散杂货码头装卸、综合物流服务和商品贸易。
384,000906,浙商中拓,浙商中拓集团股份有限公司,浙江,杭州市,--,--,1946,1999-07-07,--,,贸易,建筑用材、工业用材、炉料、煤炭焦炭、有色金属、化工产品、其他商品、汽车及相关服务,供应链集成服务。
385,000908,景峰医药,湖南景峰医药股份有限公司,湖南,岳阳市,--,--,2220,1999-02-03,--,,化学制剂,心脑血管领域产品、抗肿瘤领域产品线、骨伤科疾病领域产品、妇儿领域产品、消化系统领域产品、抗感染领域产品、原料药产品,医药产品的研发、制造与销售。
386,000909,数源科技,数源科技股份有限公司,浙江,杭州市,--,--,553,1999-05-07,--,,贸易,电子信息类、房地产类、商贸类,电子信息类产品涵盖智能驾驶辅助设备、新能源充换电设备及运营平台、多媒体显示及自助设备、信息系统集成服务、智慧社区产品及服务等。
387,000910,大亚圣象,大亚圣象家居股份有限公司,江苏,镇江市,87.51亿,6.16亿,7000,1999-06-30,--,,家具制造,人造板、地板,地板和人造板的生产销售。
388,000911,南宁糖业,南宁糖业股份有限公司,广西,南宁市,--,--,3941,1999-05-27,--,,制糖,白砂糖,从事机制糖的生产与销售业务。
389,000912,泸天化,四川泸天化股份有限公司,四川,泸州市,--,--,2987,1999-06-03,--,,氮肥,化肥产品、化工产品,尿素、复合肥等化肥类产品以及液氨、甲醇、二甲醚、液态硝铵、浓硝酸、稀硝酸、四氧化二氮、车用尿素等化工类产品的生产销售。
390,000913,钱江摩托,浙江钱江摩托股份有限公司,浙江,台州市,--,--,4144,1999-05-14,--,,摩托车,摩托车及配件、房地产开发,摩托车、电动车及相关零配件的研发、生产和销售。
391,000915,华特达因,山东华特达因健康股份有限公司,山东,济南市,20.27亿,7.04亿,2774,1999-06-09,--,,化学制剂,医药产品、环保设备及工程、电子信息产品、科技园区管理、教育、晶体材料、道路及建筑材料,医药业务。
392,000917,电广传媒,湖南电广传媒股份有限公司,湖南,长沙市,--,--,2115,1999-03-25,--,,有线电视,广告代理运营、影视节目制作发行、网络传输服务、旅游业、酒店、房地产、艺术品、投资管理、游戏、智能硬件,文旅、投资、传媒游戏业务等。
393,000918,嘉凯城,嘉凯城集团股份有限公司,浙江,杭州市,--,--,2877,1999-07-20,--,,房地产开发,房屋销售、影视放映,房地产开发与销售。
394,000919,金陵药业,金陵药业股份有限公司,江苏,南京市,28.09亿,1.53亿,4865,1999-11-18,--,,化学制剂,中药、化学药品、医疗服务,药品、医疗器械制造和医康养护服务。
395,000920,沃顿科技,沃顿科技股份有限公司,贵州,贵阳市,--,--,1357,1999-06-16,--,,其他化学制品,复合反渗透膜、纳滤膜、超滤膜,膜业务、植物纤维业务、膜分离业务。
396,000921,海信家电,海信家电集团股份有限公司,广东,佛山市,675.63亿,23.43亿,48263,1999-07-13,--,,冰箱、洗衣机、空调,家电制造业,冰箱、中央空调、家用空调、冷柜、洗衣机、商用冷链、厨卫等电器产品的研发、制造和营销。
397,000922,佳电股份,哈尔滨电气集团佳木斯电机股份有限公司,黑龙江,佳木斯市,--,--,1874,1999-06-18,--,,电机,矿用电机、永磁电机、防爆电机、核用电机、屏蔽电机、普通电机、同步电机、起重冶金电机,电机、屏蔽电机电泵制造与维修；电机、防爆电气技术开发、技术服务。
398,000923,河钢资源,河钢资源股份有限公司,河北,石家庄市,--,--,3923,1999-07-14,--,,工程机械,铜产品、磁铁矿、阳极泥、硫酸、推土机、蛭石,铜、铁矿石的开采、加工、销售。
399,000925,众合科技,浙江众合科技股份有限公司,浙江,杭州市,--,--,1469,1999-06-11,--,,轨道交通设备,智慧交通、泛半导体,智慧交通及泛半导体产业。
400,000926,福星股份,湖北福星科技股份有限公司,湖北,武汉市,--,--,3478,1999-06-18,--,,房地产开发,房地产、金属制品,房地产业和金属制品业。
401,000927,中国铁物,中国铁路物资股份有限公司,天津,天津市,591.45亿,10.67亿,4237,1999-07-27,--,,乘用车,油品供应链管理、钢轨供应链管理及运维技术服务、铁路移动装备物资供应、工程建设物资生产制造、工程建设物资集成服务、大宗商品贸易,以面向轨道交通产业为主的物资供应链管理及轨道运维技术服务和工程建设物资生产制造及集成服务。
402,000928,中钢国际,中钢国际工程技术股份有限公司,吉林,吉林市,158.62亿,6.62亿,1881,1999-03-12,--,,专业工程,工程总承包、国内外贸易、服务收入,工程总承包为主的工程技术服务业务、以机电设备及备品备件集成供应为主的国内外贸易业务和以工程设计、咨询为主的服务业务。
403,000929,兰州黄河,兰州黄河企业股份有限公司,甘肃,兰州市,--,--,1148,1999-06-23,--,,啤酒,啤酒、饮料、大麦麦芽,啤酒、麦芽、饮料的生产、加工和销售业务。
404,000930,中粮科技,中粮生物科技股份有限公司,安徽,蚌埠市,--,--,9565,1999-07-12,--,,燃料乙醇,燃料乙醇、食用酒精、淀粉、淀粉糖、柠檬酸、味精,燃料乙醇、食用酒精、淀粉、淀粉糖、柠檬酸、味精及其副产品的生产与销售。
405,000931,中关村,北京中关村科技发展(控股)股份有限公司,北京,北京市,--,--,2306,1999-07-12,--,,综合,生物医药、房地产建筑、物业管理、混凝土,生物医药、个人护理用品、养老服务业务和其他业务。
406,000932,华菱钢铁,湖南华菱钢铁股份有限公司,湖南,长沙市,--,--,23628,1999-08-03,--,,普钢,钢铁、其他,钢材产品的生产和销售。
407,000933,神火股份,河南神火煤电股份有限公司,河南,商丘市,344.52亿,30.48亿,22701,1999-08-31,--,,铝,采掘业、有色金属、电解铝深加工、贸易、房地产、电力、运输,铝产品、煤炭的生产、加工和销售及发供电。
408,000935,四川双马,四川和谐双马股份有限公司,四川,成都市,--,--,382,1999-08-24,--,,水泥,水泥、私募股权投资管理、骨料,建材生产业务、私募股权投资管理业务。
409,000936,华西股份,江苏华西村股份有限公司,江苏,无锡市,--,--,851,1999-08-10,--,,涤纶,纺织化纤、石化物流仓储、投资管理,涤纶化纤的研发、生产和销售，石化物流仓储服务。
410,000937,冀中能源,冀中能源股份有限公司,河北,邢台市,--,--,38063,1999-09-09,--,,煤炭开采洗选,煤炭、电力、建材、化工,煤炭、化工、电力、建材四大板块
411,000938,紫光股份,紫光股份有限公司,北京,北京市,676.38亿,37.92亿,17147,1999-11-04,--,,PC、服务器及硬件,网络设备、服务器、存储产品、云计算与云服务、安全产品及服务、智能终端,提供技术领先的网络、计算、存储、云计算、安全和智能终端等全栈ICT基础设施及服务。
412,000948,南天信息,云南南天电子信息产业股份有限公司,云南,昆明市,--,--,6454,1999-10-14,--,,专用计算机设备,软件和信息技术服务,提供金融行业数字化综合解决方案和服务。
413,000949,新乡化纤,新乡化纤股份有限公司,河南,新乡市,--,--,8786,1999-10-21,--,,粘胶纤维,化学纤维产品,化学纤维产品的生产和销售。
414,000950,重药控股,重药控股股份有限公司,重庆,重庆市,--,--,12498,1999-09-16,--,,氮肥,医药批发、医药零售,医药流通业务。
415,000951,中国重汽,中国重汽集团济南卡车股份有限公司,山东,济南市,560.99亿,16.69亿,7077,1999-11-25,--,,商用车,汽车制造,从事重型载重汽车、重型专用车底盘、车桥等汽车配件的制造及销售业务。
416,000952,广济药业,湖北广济药业股份有限公司,湖北,黄冈市,8.37亿,1.06亿,1317,1999-11-12,--,,化学原料药,原料系列产品、制剂系列产品,维生素原料产品的研发、生产和销售。
417,000953,河化股份,广西河池化工股份有限公司,广西,河池市,--,--,188,1999-12-02,--,,氮肥,医药中间体、尿素,医药中间体的研发、生产与销售业务以及尿素委托加工销售业务。
418,000955,欣龙控股,欣龙控股(集团)股份有限公司,海南,澄迈县,--,--,960,1999-12-09,--,,家纺,水刺产品、无纺深加工产品、热轧及服衬产品、熔纺无纺布、磷化工产品、贸易业务、医疗收入,从事非织造材料、磷化工业务
419,000957,中通客车,中通客车股份有限公司,山东,聊城市,--,--,4583,2000-01-13,--,,商用车,客车制造业,以客车为主兼顾零部件产品的开发、制造和销售。
420,000958,东方能源,国家电投集团东方新能源股份有限公司,河北,石家庄市,--,--,2836,1999-12-23,--,,其他发电,金融业务、能源业务,清洁能源发电及热电联产等业务，还涵盖财务公司、保险经纪、信托、期货、保险等多项金融业务。
421,000959,首钢股份,北京首钢股份有限公司,北京,北京市,--,--,18166,1999-12-16,--,,普钢,冶金,钢铁冶炼、钢压延加工、技术开发、技术咨询、技术转让、技术服务、技术培训。
422,000960,锡业股份,云南锡业股份有限公司,云南,红河哈尼族彝族自治州,--,--,15379,2000-02-21,--,,锡,锡锭、锡材、锡化工、铜产品、锌产品、贸易产品,锡、锌、铜、铟等金属矿的勘探、开采、选矿和冶炼及锡的深加工。
423,000961,中南建设,江苏中南建设集团股份有限公司,江苏,南通市,--,--,46615,2000-03-01,--,,专业工程,房地产开发、建筑施工、酒店,房地产开发和建筑施工。
424,000962,东方钽业,宁夏东方钽业股份有限公司,宁夏,石嘴山市,7.95亿,8895.51万,1122,2000-01-20,--,,其他金属新材料,有色金属材料,稀有金属钽、铌、铍及合金等的研发、生产、销售和进出口业务。
425,000963,华东医药,华东医药股份有限公司,浙江,杭州市,--,--,11359,2000-01-27,--,,医药商业,中药肾病系列、糖尿病系列、免疫抑制剂系列、消化道系列、心脑血管系列,覆盖医药全产业链，以医药工业为主导，同时拓展医药商业和医美产业，集医药研发、生产、经销。
426,000965,天保基建,天津天保基建股份有限公司,天津,天津市,--,--,115,2000-04-06,--,,房地产开发,房地产销售、物业出租、物业管理,房地产开发、物业出租、物业管理等业务。
427,000966,长源电力,国家能源集团长源电力股份有限公司,湖北,武汉市,--,--,3063,2000-03-16,--,,火电,电力、热力,电力、热力生产和经营。
428,000967,盈峰环境,盈峰环境科技集团股份有限公司,浙江,绍兴市,--,--,8725,2000-03-30,--,,电工机械制造,传统环卫装备、新能源环卫装备、环卫服务,以“智慧环卫”为核心，为客户在城乡保洁消毒、生活垃圾分类、固废垃圾清扫运处、环卫人员管理、餐厨垃圾收运、渣土运输监管、渗滤液处理、智慧城市建设等领域提供全新维度的全生命周期物联网集成应用解决方案和智慧平台运营服务。
429,000968,蓝焰控股,山西蓝焰控股股份有限公司,山西,太原市,--,--,2068,2000-06-22,--,,煤炭开采洗选,煤层气(煤矿瓦斯),煤矿瓦斯治理及煤层气勘探、开发与利用业务。
430,000969,安泰科技,安泰科技股份有限公司,北京,北京市,62.72亿,2.61亿,5566,2000-05-29,--,,其他金属新材料,高端粉末冶金材料及制品产业、先进功能材料及器件产业,先进金属材料的研发、生产与销售，包括能源用先进材料及制品，特种材料制品及装备，超硬材料及工具三个领域。
431,000970,中科三环,北京中科三环高技术股份有限公司,北京,北京市,71.46亿,4.77亿,5537,2000-04-20,--,,磁性材料,钕铁硼永磁材料、电动自行车,稀土永磁材料和新型磁性材料及其应用产品的研究开发、生产和销售。
432,000971,ST高升,高升控股股份有限公司,湖北,仙桃市,--,--,822,2000-04-27,--,,云服务(含IDC、CDN),网络通信服务、虚拟专用网服务、通信网络建设技术服务,以IDC(互联网数据中心)、CDN(内容分发网络)、APM(应用性能管理)为主的互联网基础云服务。
433,000972,*ST中基,中基健康产业股份有限公司,新疆,五家渠市,1.74亿,-1.01亿,149,2000-09-26,--,,番茄加工,大桶番茄酱、番茄红素胶囊、租赁服务,大包装浓缩番茄酱；去皮番茄和番茄丁、小罐番茄制品；番茄红素胶囊、番茄纤维片生产及销售。
434,000973,佛塑科技,佛山佛塑科技集团股份有限公司,广东,佛山市,24.57亿,1.61亿,3153,2000-05-25,--,,塑料制品,渗析材料、光电材料、阻隔材料,从事各类先进高分子新材料的生产与销售。
435,000975,银泰黄金,银泰黄金股份有限公司,内蒙古,锡林郭勒盟,--,--,1566,2000-06-08,--,,铅锌,有色金属矿采选业、金属商品贸易,贵金属和有色金属矿采选及金属贸易。
436,000976,华铁股份,广东华铁通达高铁装备股份有限公司,广东,江门市,--,--,876,2000-06-01,--,,轨道交通设备,高铁配件产品,轨道交通装备制造。
437,000977,浪潮信息,浪潮电子信息产业股份有限公司,山东,济南市,--,--,7131,2000-06-08,--,,PC、服务器及硬件,服务器及部件、IT终端及散件,服务器等云计算基础设施产品的研发、生产、销售。
438,000978,桂林旅游,桂林旅游股份有限公司,广西,桂林市,2.39亿,-2.34亿,2205,2000-05-18,--,,景区,旅游服务业,游船客运、景区旅游业务、酒店、公路旅行客运、出租车业务等。
439,000980,*ST众泰,众泰汽车股份有限公司,浙江,金华市,--,--,2143,2000-06-16,--,,乘用车,交通运输设备、门业产品,汽车整车研发、制造及销售。
440,000981,*ST银亿,银亿股份有限公司,甘肃,兰州市,--,--,10973,2000-06-22,--,,房地产开发,汽车零部件、房产销售、物业管理,高端制造业和房地产业。
441,000982,中银绒业,宁夏中银绒业股份有限公司,宁夏,银川市,4.33亿,4126.77万,177,2000-07-06,--,,纺织面料,纺织品,羊绒和羊绒制品贸易，并通过并购进入新能源锂电池正负极材料生产和销售。
442,000983,山西焦煤,山西焦煤能源集团股份有限公司,山西,太原市,--,--,33152,2000-07-26,--,,煤炭开采洗选,煤炭、电力热力、焦炭及化工产品,煤炭的生产、洗选加工、销售及发供电，矿山开发设计施工、矿用及电力器材生产经营等。
443,000985,大庆华科,大庆华科股份有限公司,黑龙江,大庆市,--,--,596,2000-07-26,--,,其他化学制品,化工、药品,石油化工产品的生产和销售，同时还包括进出口业务、仓储保管服务等其它业务。
444,000987,越秀金控,广州越秀金融控股集团股份有限公司,广东,广州市,133.14亿,33.30亿,1097,2000-07-18,--,,其他非银行金融,不良资产管理、投资管理、融资租赁、期货,不良资产管理、融资租赁、私募基金管理和资本投资等业务。
445,000988,华工科技,华工科技产业股份有限公司,湖北,武汉市,101.67亿,7.48亿,8270,2000-06-08,--,,电子零部件,激光加工及系列成套设备、光电器件系列产品、激光全息防伪系列产品、敏感元器件,激光技术及其应用
446,000989,九芝堂,九芝堂股份有限公司,湖南,长沙市,--,--,4552,2000-06-28,--,,中药生产,中成药、西成药、生物药品,中药研发、生产和销售等业务为核心，逐步探索布局干细胞、中医医疗健康服务、药食同源系列产品等创新业务。
447,000990,诚志股份,诚志股份有限公司,江西,南昌市,--,--,4469,2000-07-06,--,,其他化学制品,工业气体产品、液体化学产品,"工业气体及基础化工原料的综合运营,半导体显示材料的生产,销售生命科技产品的生产和销售以及工业大麻的种植,研究,加工及其产品的销售。"
448,000993,闽东电力,福建闽东电力股份有限公司,福建,宁德市,5.83亿,1.18亿,1702,2000-07-31,--,,水电,电力销售、商品房销售（住宅）、贸易业务,电力生产与开发。
449,000995,皇台酒业,甘肃皇台酒业股份有限公司,甘肃,武威市,--,--,388,2000-08-07,--,,白酒,粮食白酒、葡萄酒、鲜葡萄、葡萄原汁,白酒酿造与销售；葡萄酒酿造与销售；酿酒葡萄种植。
450,000996,中国中期,中国中期投资股份有限公司,北京,北京市,--,--,67,2000-07-18,--,,汽车服务,汽车服务业务、零售业务、基金业务,汽车服务业务。
451,000997,新大陆,新大陆数字技术股份有限公司,福建,福州市,--,--,6570,2000-08-07,--,,专用计算机设备,制造业、服务业,通过商户服务平台，为商户提供第三方支付服务、金融服务等商户综合运用服务；为电子支付行业和信息识别行业客户提供终端产品和系统解决方案；为移动通信行业和高速公路行业客户提供软件和系统开发等信息化服务。
452,000998,隆平高科,袁隆平农业高科技股份有限公司,湖南,长沙市,--,--,2763,2000-12-11,--,,种子,水稻种子、玉米种子,农作物高科技种子及种苗的研发、繁育、推广及服务。
453,000999,华润三九,华润三九医药股份有限公司,广东,深圳市,153.20亿,20.81亿,15420,2000-03-09,--,,中药生产,医药产品,医药产品的研发、生产、销售及相关健康服务。
454,001201,东瑞股份,东瑞食品集团股份有限公司,广东,河源市,--,--,837,2021-04-28,--,,--,生猪类产品、饲料类产品,生猪的养殖和销售。
455,001202,炬申股份,广东炬申物流股份有限公司,广东,佛山市,--,--,292,2021-04-29,--,,--,运输业务、仓储综合业务,为客户提供有色金属的运输服务（包括自有运输服务和货运代理服务）、仓储及其增值服务等综合物流服务。
456,001203,大中矿业,内蒙古大中矿业股份有限公司,内蒙古,巴彦淖尔市,48.95亿,16.25亿,3149,2021-05-10,--,,--,铁精粉、球团,铁矿石采选、铁精粉和球团生产销售、副产品机制砂石的加工销售。
457,001205,盛航股份,南京盛航海运股份有限公司,江苏,南京市,6.13亿,1.30亿,462,2021-05-13,--,,--,化学品运输业务、油品运输业务,从事国内沿海、长江中下游液体化学品、成品油水上运输业务。
458,001206,依依股份,天津市依依卫生用品股份有限公司,天津,天津市,--,--,1138,2021-05-18,--,,--,卫生护理用品、无纺布,一次性卫生护理用品及无纺布的研发、生产和销售。
459,001207,联科科技,山东联科科技股份有限公司,山东,潍坊市,--,--,556,2021-06-23,--,,--,二氧化硅、炭黑、硅酸钠,从事二氧化硅和炭黑的研发、生产与销售。
460,001208,华菱线缆,湖南华菱线缆股份有限公司,湖南,湘潭市,--,--,592,2021-06-24,--,,--,电缆,电线电缆的研发、生产及销售。
461,001209,洪兴股份,广东洪兴实业股份有限公司,广东,汕头市,--,--,1764,2021-07-23,--,,--,家居服、内衣内裤,家居服饰的研发、设计、生产及销售。
462,001210,金房节能,北京金房暖通节能技术股份有限公司,北京,北京市,--,--,696,2021-07-29,--,,--,供热运营服务、节能改造服务、节能产品,供热运营服务、供热领域节能改造服务和节能产品的研发、生产与销售。
463,001211,双枪科技,双枪科技股份有限公司,浙江,杭州市,--,--,1268,2021-08-05,--,,--,品筷子、砧板、签类、勺铲,日用餐厨具的生产、销售。
464,001212,中旗新材,广东中旗新材料股份有限公司,广东,佛山市,--,--,969,2021-08-23,--,,--,人造石英石板材、人造石英石台面,专业从事人造石英石装饰材料的研发、生产、销售和服务。
465,001213,中铁特货,中铁特货物流股份有限公司,北京,北京市,--,--,3386,2021-09-08,--,,--,商品汽车物流、冷链物流、大件货物物流,从事商品汽车物流、冷链物流和大件货物物流业务。
466,001215,千味央厨,郑州千味央厨食品股份有限公司,河南,郑州市,--,--,2074,2021-09-06,--,,--,定制化和标准化的速冻面米制品,面向餐饮企业的速冻面米制品的研发、生产和销售。
467,001216,华瓷股份,湖南华联瓷业股份有限公司,湖南,株洲市,12.04亿,1.40亿,5338,2021-10-19,--,,--,日用陶瓷、工业陶瓷,日用陶瓷制品的研发、设计、生产和销售。
468,001217,华尔泰,安徽华尔泰化工股份有限公司,安徽,池州市,--,--,907,2021-09-29,--,,--,基础化工产品、精细化工产品,化工产品的研发、生产与销售。
469,001218,丽臣实业,湖南丽臣实业股份有限公司,湖南,长沙市,27.49亿,1.79亿,716,2021-10-15,--,,--,表面活性剂、洗涤,表面活性剂和洗涤用品的研发、生产、销售。
470,001219,青岛食品,青岛食品股份有限公司,山东,青岛市,--,--,614,2021-10-21,--,,--,钙奶饼干、休闲饼干、花生酱,饼干与花生酱等休闲食品的研发、生产及销售。
471,001227,兰州银行,兰州银行股份有限公司,--,--,--,--,4032,2022-01-17,--,,--,公司银行业务、个人银行业务、资金业务,公司银行业务、零售银行业务和资金业务等。
472,001228,永泰运,永泰运化工物流股份有限公司,--,--,21.45亿,1.75亿,607,--,--,,--,跨境化工物流服务、仓储堆存、道路运输,跨境化工物流供应链服务。
473,001234,泰慕士,江苏泰慕士针纺科技股份有限公司,--,--,--,--,2181,2022-01-11,--,,--,针织服装、针织面料,针织面料与针织服装的研发、生产和销售。
474,001266,宏英智能,上海宏英智能科技股份有限公司,--,--,5.02亿,1.30亿,408,2022-02-28,--,,--,智能电控产品、智能电控总成,智能电控产品及智能电控总成的研发、生产、销售。
475,001267,汇绿生态,汇绿生态科技集团股份有限公司,--,--,--,--,403,2021-11-17,--,,--,林工程施工、园林景观设计、苗木种植,园林工程施工、园林景观设计及苗木种植等，能够完整的提供从苗木种植、园林工程设计、施工及后续绿化养护等全产业链服务。
476,001288,运机集团,四川省自贡运输机械集团股份有限公司,--,--,--,--,775,2021-11-01,--,,--,通用带式输送机、管状带式输送机、水平转弯带式输送机,从事以带式输送机为主的节能环保型输送机械成套设备的研发、设计、生产和销售。
477,001289,龙源电力,龙源电力集团股份有限公司,--,--,372.08亿,72.63亿,8053,2022-01-24,--,,--,电力,在中国风资源丰富的地区设计、开发、建设、管理及运营风电场，并向各地方电网公司销售电力。
478,001296,长江材料,重庆长江造型材料(集团)股份有限公司,--,--,--,--,846,2021-12-24,--,,--,柴油机系列、覆膜砂系列,"铸造用硅砂,覆膜砂和砂芯的研发,生产和销售；铸造废(旧)砂再生技术和设备的研发,生产；压裂支撑剂的研发,生产和销售。"
479,001308,康冠科技,深圳市康冠科技股份有限公司,--,--,118.89亿,9.24亿,6104,2022-03-18,--,,--,智能交互显示产品、智能电视,智能显示产品的研发、生产以及销售。
480,001313,粤海饲料,广东粤海饲料集团股份有限公司,--,--,--,--,3433,2022-02-16,--,,--,特种水产配合饲料、普通水产配合饲料,从事水产饲料研发、生产及销售，并以虾料、海水鱼料等特种水产饲料为主。
481,001317,三羊马,三羊马(重庆)物流股份有限公司,--,--,--,--,807,2021-11-30,--,,--,汽车整车综合物流服务、非汽车商品综合物流服务、仓储服务,从事汽车整车综合运输服务业务、非汽车商品综合运输服务业务、仓储服务。
482,001696,宗申动力,重庆宗申动力机械股份有限公司,重庆,重庆市,93.64亿,5.21亿,7656,1997-03-06,--,,汽车零部件,发动机、通机、产品零部件,从事小型热动力机械产品及部分终端产品的研发、制造、销售。
483,001872,招商港口,招商局港口集团股份有限公司,广东,深圳市,152.84亿,76.55亿,15892,1993-05-05,--,,--,港口装卸仓储业务、港口配套业务、保税物流业务,从事集装箱和散杂货的港口装卸、仓储、运输及其它配套服务
484,001896,豫能控股,河南豫能控股股份有限公司,河南,郑州市,--,--,2409,1998-01-22,--,,火电,发电、供热、煤炭,火电项目的投资管理、煤炭物流、新能源、综合能源服务等。
485,001914,招商积余,招商局积余产业运营服务股份有限公司,广东,深圳市,105.91亿,4.53亿,44761,1994-09-28,--,,--,物业管理业务、资产管理业务,物业资产管理与服务。
486,001965,招商公路,招商局公路网络科技控股股份有限公司,天津,天津市,86.26亿,55.41亿,5459,2017-12-25,--,,--,投资运营、交通科技、智慧交通,公路相关的经营收费公路业务和交通科技业务。
487,001979,招商蛇口,招商局蛇口工业区控股股份有限公司,广东,深圳市,1606.43亿,152.02亿,54735,2015-12-30,--,,房地产开发,园区开发与运营、社区开发与运营、邮轮产业建设与运营,园区开发与运营、社区开发与运营、邮轮产业建设与运营。
488,002001,新和成,浙江新和成股份有限公司,浙江,绍兴市,--,--,10100,2004-06-25,--,,化学原料药,营养品、香精香料,营养品、香精香料、高分子新材料的生产和销售。
489,002002,鸿达兴业,鸿达兴业股份有限公司,江苏,扬州市,--,--,4951,2004-06-25,--,,其他化学制品,PVC新材料、环境修复工程服务、防疫产品、工业原材料现货电子交易、综合物流服务及信息技术支持、稀土新材料,氢能源产业、化工产业、新材料产业、大环保产业、电子交易平台综合服务。
490,002003,伟星股份,浙江伟星实业发展股份有限公司,浙江,台州市,--,--,7785,2004-06-25,--,,服饰辅料,纺织服装、服饰、软件和信息技术服务,从事各类中高档服饰辅料产品的研发、生产与销售。
491,002004,华邦健康,华邦生命健康股份有限公司,重庆,重庆市,123.59亿,9.25亿,12206,2004-06-25,--,,农药,医药业务、医疗业务、农化业务,医药及农化、新材料产品的研发、生产、销售，医疗服务、旅游投资及运营业务。
492,002005,ST德豪,安徽德豪润达电气股份有限公司,安徽,蚌埠市,--,--,7407,2004-06-25,--,,LED,小家电、LED产品,小家电业务和LED封装业务。
493,002006,精功科技,浙江精功科技股份有限公司,浙江,绍兴市,17.28亿,1.03亿,1232,2004-06-25,--,,其他专用机械,太阳能光伏专用装备、新型建筑节能专用设备、轻纺专用设备、碳纤维及复合材料装备、机器人及智能装备、精密制造加工业务及军民融合项目开发,从事碳纤维及复合材料装备、机器人及智能装备、太阳能光伏专用装备、新型建筑节能专用设备、轻纺专用设备等高新技术产品的研制开发、生产销售和技术服务以及精密制造加工业务和军民融合项目开发。
494,002007,华兰生物,华兰生物工程股份有限公司,河南,新乡市,44.36亿,14.54亿,2927,2004-06-25,--,,生物医药,血液制品业务、疫苗制品、创新药和生物类似药,血液制品、疫苗、基因工程产品研发、生产和销售。
495,002008,大族激光,大族激光科技产业集团股份有限公司,广东,深圳市,163.32亿,20.80亿,15460,2004-06-25,--,,电子零部件,其他专用设备,主要从事激光加工设备的研发、生产与销售。
496,002009,天奇股份,天奇自动化工程股份有限公司,江苏,无锡市,--,--,2943,2004-06-29,--,,智能装备,智能装备、循环装备、汽车后市场、重工装备,以汽车智能装备、智能仓储、散料输送及智慧工业服务为主的智能装备产业;以废钢加工设备、报废汽车拆解设备、有色金属加工及分选设备为主的循环装备产业;以报废汽车回收拆解、汽车核心零部件再制造及动力电池回收资源化利用为主的汽车后市场产业;以风电铸件业务为主的重工装备产业。
497,002010,传化智联,传化智联股份有限公司,浙江,杭州市,--,--,5189,2004-06-29,--,,印染化学品,化工、物流,传化网智能物流业务与化工业务。
498,002011,盾安环境,浙江盾安人工环境股份有限公司,浙江,杭州市,--,--,11284,2004-07-05,--,,制冷配件,制冷配件业务、商用制冷空调设备业务,包括制冷元器件、制冷空调设备的研发、生产和销售。
499,002012,凯恩股份,浙江凯恩特种材料股份有限公司,浙江,丽水市,18.30亿,1.50亿,1076,2004-07-05,--,,造纸,电气及工业用配套材料、过滤材料、特种包装材料、信息科技服务,研发、生产、销售高附加值纸基功能材料以及在消费金融领域为企业级客户提供信息科技服务。
500,002013,中航机电,中航工业机电系统股份有限公司,湖北,襄阳市,149.92亿,13.50亿,29118,2004-07-05,--,,航空装备,航空机电产品,航空机电产品的设计研发、生产制造、市场开拓、售后服务、维修保障。
501,002014,永新股份,黄山永新股份有限公司,安徽,黄山市,30.24亿,3.21亿,2131,2004-07-08,--,,包装印刷,彩印包装材料、镀铝包装材料、塑料软包装薄膜、油墨、其他,生产彩印复合软包装材料。
502,002015,协鑫能科,协鑫能源科技股份有限公司,江苏,苏州市,--,--,2987,2004-07-08,--,,涤纶,电力销售、蒸汽销售、色纺产品,清洁能源发电、热电联产及综合能源服务。
503,002016,世荣兆业,广东世荣兆业股份有限公司,广东,珠海市,--,--,886,2004-07-08,--,,房地产开发,房地产,房地产开发经营。
504,002017,东信和平,东信和平科技股份有限公司,广东,珠海市,--,--,1631,2004-07-13,--,,通信终端设备,智能卡产品、数字身份及安全产品、行业系统解决方案,数字信息安全产品及系统解决方案。
505,002019,亿帆医药,亿帆医药股份有限公司,浙江,杭州市,--,--,4123,2004-07-13,--,,生物医药,医药产品、原料药、高分子材料,医药产品、原料药和高分子材料的研发、生产、销售及药品推广服务。
506,002020,京新药业,浙江京新药业股份有限公司,浙江,绍兴市,33.36亿,6.15亿,3490,2004-07-15,--,,化学原料药,心脑血管药物、神经系统药物、消化系统药物、喹诺酮类抗感染原料药、他汀类原料药、精神类原料药,化学制剂、传统中药、生物制剂、化学原料药、医疗器械的研发、生产及销售。
507,002021,ST中捷,中捷资源投资股份有限公司,浙江,台州市,--,--,1060,2004-07-15,--,,纺织服装机械,工业缝制机械,中、高档工业缝制机械的研发、生产和销售业务。
508,002022,科华生物,上海科华生物工程股份有限公司,上海,上海市,--,--,1922,2004-07-21,--,,生物医药,诊断用品,体外诊断试剂、医疗检验仪器的研发、生产和销售。
509,002023,海特高新,四川海特高新技术股份有限公司,四川,成都市,--,--,1254,2004-07-21,--,,航空装备,高端核心装备研制与保障、高性能集成电路设计与制造、飞行培训、微电子,高端核心装备研制与保障、高性能第二代/第三代集成电路设计与制造、航空工程技术与服务。
510,002024,苏宁易购,苏宁易购集团股份有限公司,江苏,南京市,--,--,45598,2004-07-21,--,,专业连锁,通讯产品、日用百货、小家电产品、冰箱、洗衣机、空调产品、数码电脑产品、黑电产品、物流服务、金融服务、安装维修业务,家用电器及消费类电子的销售和服务。
511,002025,航天电器,贵州航天电器股份有限公司,贵州,贵阳市,--,--,4782,2004-07-26,--,,电子零部件,连接器、微特电机、继电器、光通信器件,高端继电器、连接器、微特电机、光电子产品、电缆组件的研制、生产和销售。
512,002026,山东威达,山东威达机械股份有限公司,山东,威海市,--,--,2957,2004-07-27,--,,基础件,电动工具配件、粉末冶金件、锯片产品、机床、自动设备,"钻夹头,电动工具开关,粉末冶金件,精密铸造制品,锯片,机床及附件,智能制造系统集成及智能装备的研发,生产和销售。"
513,002027,分众传媒,分众传媒信息技术股份有限公司,广东,广州市,--,--,6779,2004-08-04,--,,网络媒体,楼宇媒体、影院媒体,生活圈媒体的开发和运营。
514,002028,思源电气,思源电气股份有限公司,上海,上海市,--,--,5602,2004-08-05,--,,电气自控设备,开关类、线圈类、无功补偿类、智能设备类,输配电设备的研发、生产、销售及服务。
515,002029,七匹狼,福建七匹狼实业股份有限公司,福建,泉州市,35.14亿,2.73亿,2525,2004-08-06,--,,男装,服装、信息技术及服务、其他,“七匹狼”品牌男装及针纺类产品的设计、生产和销售。
516,002030,达安基因,广州达安基因股份有限公司,广东,广州市,76.64亿,36.18亿,2713,2004-08-09,--,,生物医药,试剂类、仪器类、检测服务,以分子诊断技术为主导的，集临床检验试剂和仪器的研发、生产、销售以及全国连锁医学独立实验室临床检验服务。
517,002031,巨轮智能,巨轮智能装备股份有限公司,广东,揭阳市,--,--,2202,2004-08-16,--,,智能装备,轮胎模具、液压式硫化机、模具软件开发设计、机器人及智能装备、精密机床、融资租赁、保理业务,轮胎专用制造设备的研发、生产和销售。
518,002032,苏泊尔,浙江苏泊尔股份有限公司,浙江,杭州市,215.85亿,19.41亿,11840,2004-08-17,--,,小家电,明火炊具品类、厨房小家电品类、厨卫电器品类、生活家居电器类,厨房用具、不锈钢制品、日用五金、小型家电及炊具的研发、生产和销售。
519,002033,丽江股份,丽江玉龙旅游股份有限公司,云南,丽江市,3.58亿,-3760.34万,1666,2004-08-25,--,,景区,旅游索道、印象丽江文艺演出、酒店、其他业务,旅游索道、印象丽江文艺演出、酒店、其他业务。
520,002034,旺能环境,旺能环境股份有限公司,浙江,湖州市,--,--,1901,2004-08-26,--,,印染,生活及餐厨垃圾项目运行、污泥处置、环保设备安装、房租,"采用BOT、BOO、PPP等投资运营模式,承接全国各地生活垃圾焚烧发电、餐厨垃圾处理、污泥处理处置及其他固体废物资源综合利用等环保项目。"
521,002035,华帝股份,华帝股份有限公司,广东,中山市,--,--,4720,2004-09-01,--,,小家电,厨卫电器、环境电器、全屋定制产品,从事高端智能厨电、卫浴产品、定制家居等的研发、生产、销售。
522,002036,联创电子,联创电子科技股份有限公司,江西,南昌市,--,--,8008,2004-09-03,--,,光学元件,触控显示、光学元件、集成电路、终端制造,从事研发、生产及销售为智能手机、平板电脑、智能驾驶、运动相机、智能家居、VR/AR等配套的光学镜头、摄像模组及触控显示一体化等关键光学、光电子产品及智能终端产品制造。
523,002037,保利联合,保利联合化工控股集团股份有限公司,贵州,贵阳市,--,--,7854,2004-09-08,--,,民爆用品,民爆产品、爆破及工程施工,民爆器材产品研发、生产、销售、爆破、配送、工程技术服务、设计及施工等一体化经营业务。
524,002038,双鹭药业,北京双鹭药业股份有限公司,北京,北京市,--,--,757,2004-09-09,--,,生物医药,生物、生化药、化学药,基因工程及相关药物的研究开发和生产经营。
525,002039,黔源电力,贵州黔源电力股份有限公司,贵州,贵阳市,20.36亿,4.26亿,734,2005-03-03,--,,水电,电力、其他,水力发电站(厂)的开发建设与经营管理
526,002040,南京港,南京港股份有限公司,江苏,南京市,--,--,1058,2005-03-25,--,,港口,交通运输服务,提供原油、成品油、液体化工产品及普通货物的装卸、仓储服务、为船舶提供码头、在港区内提供物流服务。
527,002041,登海种业,山东登海种业股份有限公司,山东,烟台市,--,--,723,2005-04-18,--,,种子,农作物种子,农作物新品种选育、许可证规定经营范围内的农作物种子生产、分装、销售。
528,002042,华孚时尚,华孚时尚股份有限公司,安徽,淮北市,--,--,15906,2005-04-27,--,,棉纺,纱线、网链、祙制品,主营中高档色纺纱线，配套提供高档新型的坯纱、染色纱，同时提供流行趋势、原料与产品认证、技术咨询等增值服务。
529,002043,兔宝宝,德华兔宝宝装饰新材股份有限公司,浙江,湖州市,--,--,3806,2005-05-10,--,,其他建材,装饰材料、成品家具、科技木、电商运营、品牌授权,装饰材料和成品家居的研发、生产和销售。
530,002044,美年健康,美年大健康产业控股股份有限公司,江苏,南通市,--,--,34950,2005-05-18,--,,医疗服务,医疗行业,健康体检服务。
531,002045,国光电器,国光电器股份有限公司,广东,广州市,--,--,3452,2005-05-23,--,,电子零部件,音箱及扬声器、电池、电子零配件,音响电声类业务及锂电池业务。
532,002046,国机精工,国机精工股份有限公司,河南,郑州市,--,--,1747,2005-05-26,--,,基础件,轴承行业、磨料磨具行业、贸易、工程承包,轴承行业、磨料磨具行业及相关领域的研发制造、行业服务与技术咨询、贸易服务等。
533,002047,宝鹰股份,深圳市宝鹰建设控股集团股份有限公司,广东,深圳市,--,--,2129,2005-05-31,--,,装修装饰,装修装饰,综合建筑装饰装修工程设计及施工。
534,002048,宁波华翔,宁波华翔电子股份有限公司,浙江,宁波市,--,--,15449,2005-06-03,--,,汽车零部件,汽车配件,从事汽车零部件的开发、生产和销售。
535,002049,紫光国微,紫光国芯微电子股份有限公司,河北,唐山市,--,--,1899,2005-06-06,--,,集成电路,智能安全芯片业务、特种集成电路业务、半导体功率器件业务、石英晶体频率器件业务,"集成电路芯片设计与销售,压电石英晶体元器件的开发、生产和销售,LED蓝宝石衬底材料生产和销售。"
536,002050,三花智控,浙江三花智能控制股份有限公司,浙江,绍兴市,160.21亿,17.05亿,14478,2005-06-07,--,,制冷配件,制冷空调电器零部件、汽车零部件,制冷空调电器零部件业务和汽车零部件业务。
537,002051,中工国际,中工国际工程股份有限公司,北京,北京市,86.40亿,2.61亿,4456,2006-06-19,--,,专业工程,工程承包与成套设备、咨询设计、国内外贸易、装备制造,工程承包、设计咨询、装备研发与制造、投资运营、贸易物流。
538,002052,ST同洲,深圳市同洲电子股份有限公司,广东,深圳市,--,--,357,2006-06-27,--,,机顶盒,通信及相关设备制造业,广电全业务融合云平台、数字电视中间件、智能电视操作系统TVOS、智能数字终端、智能网关、数字电视前端设备等的研发、制造、服务与销售以及与智慧家庭相关的增值业务的开发、集成和运营。
539,002053,云南能投,云南能源投资股份有限公司,云南,昆明市,22.59亿,2.70亿,2411,2006-06-27,--,,调味品,盐业、天然气、风电,"食盐、工业盐、日化盐、芒硝等系列产品的生产销售,天然气管网建设、运营、天然气销售、入户安装服务以及陆上风力发电的运营。"
540,002054,德美化工,广东德美精细化工集团股份有限公司,广东,佛山市,19.97亿,2.31亿,1695,2006-07-25,--,,印染化学品,纺织化学品、皮革化学品、石油精细化学品,纺织化学品、皮革化学品、石油精细化学品的研发、生产、销售和提供专业服务。
541,002055,得润电子,深圳市得润电子股份有限公司,广东,深圳市,--,--,11056,2006-07-25,--,,电子零部件,电子器件、精密组件,电子连接器和精密组件的研发、生产及销售。
542,002056,横店东磁,横店集团东磁股份有限公司,浙江,金华市,126.07亿,11.20亿,15269,2006-08-02,--,,磁性材料,磁性材料、锂电池、光伏产品、器件,从事磁性材料+器件、光伏+锂电两大产业群相关产品的研发、生产、销售以及提供一站式技术解决方案的服务。
543,002057,中钢天源,中钢天源股份有限公司,安徽,马鞍山市,--,--,988,2006-08-02,--,,磁性材料,工业原料、电子元器件、冶金、矿山、机电工程专用设备、金属制品、金属制品检测,从事磁性材料和检验检测业务，其他业务包含金属制品、矿山、建材及冶金装备等。
544,002058,*ST威尔,上海威尔泰工业自动化股份有限公司,上海,上海市,--,--,183,2006-08-02,--,,电气仪表,仪器、仪表,自动化仪器仪表的研发、生产和销售。
545,002059,云南旅游,云南旅游股份有限公司,云南,昆明市,14.18亿,-3.54亿,2540,2006-08-10,--,,景区,旅游文化科技、文旅综合体运营、旅游综合服务,旅游文化科技、文旅综合体运营、旅游综合服务。
546,002060,粤水电,广东水电二局股份有限公司,广东,广州市,143.61亿,3.66亿,4181,2006-08-10,--,,水利建设,工程施工、产品销售、发电、勘测设计与咨询服务,主要业务是水利水电及轨道交通等工程建设，水力、风力、太阳能光伏清洁能源发电业务以及风电塔筒装备制造业务。
547,002061,浙江交科,浙江交通科技股份有限公司,浙江,杭州市,--,--,7034,2006-08-16,--,,聚氨酯,基建工程,基建工程业务。
548,002062,宏润建设,宏润建设集团股份有限公司,浙江,宁波市,--,--,2049,2006-08-16,--,,铁路城轨建设,建筑施工及市政基础设施投资业务、房地产业务、新能源开发业务,建筑施工、房地产开发、基础设施投资及新能源开发。
549,002063,远光软件,远光软件股份有限公司,广东,珠海市,--,--,4923,2006-08-23,--,,行业应用软件,集团管理业务,提供电力行业财务和管理信息化全面解决方案
550,002064,华峰化学,华峰化学股份有限公司,浙江,温州市,--,--,6522,2006-08-23,--,,氨纶,化学纤维、化工新材料、基础化工产品,氨纶纤维、聚氨酯原液、己二酸等聚氨酯制品材料的研发、生产与销售。
551,002065,东华软件,东华软件股份公司,北京,北京市,--,--,10202,2006-08-23,--,,行业应用软件,应用软件开发、计算机信息系统集成、信息技术服务,行业应用软件开发、计算机信息系统集成及相关服务业务。
552,002066,瑞泰科技,瑞泰科技股份有限公司,北京,北京市,45.38亿,1.29亿,2938,2006-08-23,--,,耐火材料,玻璃板块、水泥板块、钢铁业务板块,定形和不定形耐火材料以及各类耐磨材料的研发、生产、销售以及综合服务。
553,002067,景兴纸业,浙江景兴纸业股份有限公司,浙江,嘉兴市,--,--,1956,2006-09-15,--,,造纸,原纸、纸箱及纸板、生活用纸,工业包装原纸、纸箱纸板和各类生活用纸的生产和销售。
554,002068,黑猫股份,江西黑猫炭黑股份有限公司,江西,景德镇市,--,--,4159,2006-09-15,--,,其他化学制品,炭黑、焦油精制产品、白炭黑,炭黑、焦油精制和白炭黑等产品的生产与销售。
555,002069,獐子岛,獐子岛集团股份有限公司,辽宁,大连市,--,--,1899,2006-09-28,--,,海洋渔业,水产养殖、水产加工、水产贸易、冷链物流、旅游服务,从事海珍品种业、海水增养殖业、海洋食品研发与加工、冷链物流、渔业装备等产业。
556,002071,长城退,长城影视股份有限公司,江苏,苏州市,--,--,419,2006-10-12,--,,影视,影视行业、广告业、实景娱乐,影视剧的投资、制作、发行，广告营销及实景娱乐
557,002072,*ST凯瑞,凯瑞德控股股份有限公司,湖北,荆门市,--,--,21,2006-10-18,--,,其他互联网服务,互联网、煤炭贸易、租赁服务,从事煤炭贸易业务及租赁业务。
558,002073,软控股份,软控股份有限公司,山东,青岛市,--,--,2610,2006-10-18,--,,其他专用机械,橡胶装备系统、合成橡胶材料,轮胎橡胶装备与系统的研发与制造。
559,002074,国轩高科,国轩高科股份有限公司,安徽,合肥市,--,--,7817,2006-10-18,--,,电池,动力锂电池、输变电业务,动力锂电池和输配电设备两大业务板块。
560,002075,沙钢股份,江苏沙钢股份有限公司,江苏,苏州市,--,--,4284,2006-10-25,--,,普钢,钢铁,黑色金属冶炼及压延加工优特钢的生产与销售。
561,002076,ST雪莱,广东雪莱特光电科技股份有限公司,广东,佛山市,--,--,389,2006-10-25,--,,LED,电器机械及器材制造,紫外线杀菌灯、LED照明、汽车照明、锂电池生产设备。
562,002077,大港股份,江苏大港股份有限公司,江苏,镇江市,--,--,857,2006-11-16,--,,园区开发,房地产及园区开发、集成电路封装与测试、商贸物流及其他,集成电路、园区服务及房地产尾盘业务。
563,002078,太阳纸业,山东太阳纸业股份有限公司,山东,济宁市,--,--,11202,2006-11-16,--,,造纸,浆及纸制品、电及蒸汽,机制纸、纸制品、木浆、纸板的生产和销售。
564,002079,苏州固锝,苏州固锝电子股份有限公司,江苏,苏州市,24.76亿,2.21亿,1742,2006-11-16,--,,半导体分立器件,半导体整流器件二极管、导电银浆,分立器件和集成电路封测。
565,002080,中材科技,中材科技股份有限公司,江苏,南京市,202.95亿,34.75亿,18525,2006-11-20,--,,玻纤,特种纤维复合材料,风电叶片、玻璃纤维及制品、锂电池隔膜的研发、制造及销售。
566,002081,金螳螂,苏州金螳螂建筑装饰股份有限公司,江苏,苏州市,--,--,15106,2006-11-20,--,,装修装饰,建筑装饰,是一家以室内装饰为主体，融幕墙、景观、软装、家具、机电设备安装等为一体的综合性专业化装饰集团。
567,002082,万邦德,万邦德医药控股集团股份有限公司,浙江,台州市,--,--,2744,2006-11-20,--,,铝,医药制造、专用设备制造及服务、有色金属加工、有色金属贸易、其他,现代中药、化学原料药及化学制剂的研发、生产和销售。
568,002083,孚日股份,孚日集团股份有限公司,山东,潍坊市,--,--,13336,2006-11-24,--,,棉纺,毛巾系列产品、装饰布系列产品,毛巾系列产品、床上用品和装饰布艺产品的研发设计、生产供应、营销渠道建设和品牌推广。
569,002084,海鸥住工,广州海鸥住宅工业股份有限公司,广东,广州市,--,--,5577,2006-11-24,--,,卫浴,五金龙头类产品、智能家居类产品、浴缸陶瓷类产品、整装卫浴、定制橱柜、瓷砖,"装配式整装卫浴空间内高档卫生洁具,陶瓷,浴缸,淋浴房,浴室柜,整体橱柜,瓷砖等全品类部品部件的研发,制造和服务，在智能家居领域主要进行智能门户,安防工程的持续布局。"
570,002085,万丰奥威,浙江万丰奥威汽轮股份有限公司,浙江,绍兴市,--,--,11806,2006-11-28,--,,汽车零部件,汽车铝合金轮毂、摩托车铝合金轮毂、镁合金压铸产品、涂层加工、金属铸件、冲压零部件,铝合金轮毂、环保达克罗涂覆、轻量化镁合金、模具冲压件业务以及通用飞机制造业务。
571,002086,ST东洋,山东东方海洋科技股份有限公司,山东,烟台市,--,--,1032,2006-11-28,--,,海洋渔业,进料加工、来料加工、海参、HIV、HTLV检测装备、国内贸易,海水苗种繁育、养殖，水产品加工，生物科技，保税仓储物流以及体外诊断试剂的研发、生产与销售和检测服务。
572,002087,新野纺织,河南新野纺织股份有限公司,河南,南阳市,--,--,8948,2006-11-30,--,,棉纺,纱线系列产品、坯布面料系列产品,从事中高档棉纺织品的生产与销售。
573,002088,鲁阳节能,山东鲁阳节能材料股份有限公司,山东,淄博市,--,--,2554,2006-11-30,--,,耐火材料,陶瓷纤维制品、玄武岩产品,陶瓷纤维、可溶纤维、氧化铝纤维、轻质莫来石砖等耐火保温产品的研发、生产、销售、施工业务，玄武岩纤维产品的研发、生产、销售业务。
574,002089,ST新海,新海宜科技集团股份有限公司,江苏,苏州市,--,--,163,2006-11-30,--,,通信传输设备,通信制造业、计算机技术开发、LED,通信产品的研发、生产与销售业务，IDC业务，锂电材料产品的研发、生产与销售业务。
575,002090,金智科技,江苏金智科技股份有限公司,江苏,南京市,--,--,1184,2006-12-08,--,,电气自控设备,装置、系统,电力自动化业务、IT业务、电力工程设计与服务业务及新能源投资运营业务
576,002091,江苏国泰,江苏国泰国际集团股份有限公司,江苏,苏州市,--,--,13844,2006-12-08,--,,贸易,纺织服装、玩具、化工产品,供应链服务和化工新能源业务。
577,002092,中泰化学,新疆中泰化学股份有限公司,新疆,乌鲁木齐市,624.63亿,30.07亿,20678,2006-12-08,--,,氯碱,氯碱化工、纺织工业、现代贸易、物流运输,聚氯乙烯树脂、离子膜烧碱的生产和销售;粘胶纤维、纱线的生产和销售。
578,002093,国脉科技,国脉科技股份有限公司,福建,福州市,--,--,943,2006-12-15,--,,通信配套服务,物联网和相关服务、教育,物联网技术服务、物联网咨询与设计服务、物联网科学园运营与开发服务、教育服务。
579,002094,青岛金王,青岛金王应用化学股份有限公司,山东,青岛市,--,--,2799,2006-12-15,--,,化妆品,化妆品、蜡烛产品、工艺品、大宗商品贸易,新材料蜡烛及工艺制品业务、化妆品业务和供应链业务。
580,002095,生意宝,浙江网盛生意宝股份有限公司,浙江,杭州市,--,--,546,2006-12-15,--,,电子商务B2B,网络基础服务、网络信息推广服务、广告发布服、化工贸易服务、展会服务、房租收入、化工贸易,"从事互联网信息服务,电子商务,专业搜索引擎和企业应用软件开发"
581,002096,南岭民爆,湖南南岭民用爆破器材股份有限公司,湖南,长沙市,--,--,5080,2006-12-22,--,,民爆用品,民爆器材、工程爆破、运输配送,民爆器材、军品的生产、研发与销售，工程爆破服务等业务。
582,002097,山河智能,山河智能装备股份有限公司,湖南,长沙市,--,--,5706,2006-12-22,--,,工程机械,工程机械、航空装备与服务、特种装备,锚定工程机械、航空装备与服务、特种装备三大业务领域，为全球客户提供整体解决方案。
583,002098,浔兴股份,福建浔兴拉链科技股份有限公司,福建,泉州市,--,--,4165,2006-12-22,--,,服饰辅料,拉链、跨境电商,拉链业务、跨境电商出口业务。
584,002099,海翔药业,浙江海翔药业股份有限公司,浙江,台州市,--,--,3282,2006-12-26,--,,化学原料药,抗生素类、降糖类、心血管类、染料、染颜料中间体,特色原料药、制剂的生产和销售以及为国际制药企业提供定制生产、配套研发的服务;环保型活性染料、染料中间体以及颜料中间体的生产和销售。
585,002100,天康生物,天康生物股份有限公司,新疆,乌鲁木齐市,--,--,3324,2006-12-26,--,,饲料,生猪屠宰及肉制品销售、生猪、饲料、兽药、农产品加工、牛奶、代养业务,动物疫苗、饲料及饲用植物蛋白的生产及销售，种猪繁育、生猪养殖、屠宰加工及肉制品销售，融资担保业务。
586,002101,广东鸿图,广东鸿图科技股份有限公司,广东,肇庆市,--,--,7422,2006-12-29,--,,汽车零部件,汽车类压铸件、通讯设备类压铸件、机电及其他类压铸件、汽车改装、汽车饰件、股权投资,精密铝合金压铸件业务、汽车内外饰件业务、专用车业务。
587,002102,ST冠福,冠福控股股份有限公司,福建,泉州市,--,--,949,2006-12-29,--,,医药中间体,医药中间体、塑料原材料、让售材料、租金物业、融资租赁,医药中间体研发、生产、销售业务兼对维生素E研发、生产、销售业务的投资；塑贸电商业务；投资性房地产租赁经营业务；黄金采矿业务。
588,002103,广博股份,广博集团股份有限公司,浙江,宁波市,--,--,2595,2007-01-10,--,,文化用品,包装物、本册、办公用品、互联网广告业务、跨境电商,文具的生产制造与销售、互联网广告营销与服务。
589,002104,恒宝股份,恒宝股份有限公司,江苏,镇江市,--,--,1325,2007-01-10,--,,通信终端设备,票证类、制卡类、模块类、网络版会员软件、电子智能支付设备、特种物联网业务,高端智能化产品及数字安全解决方案等服务。
590,002105,信隆健康,深圳信隆健康产业发展股份有限公司,广东,深圳市,--,--,3496,2007-01-12,--,,自行车,车把、立管、座管、前叉、运动健身器材、康复器材、碟刹,自行车零配件、运动健身康复器材生产及销售
591,002106,莱宝高科,深圳莱宝高科技股份有限公司,广东,深圳市,76.82亿,4.93亿,1689,2007-01-12,--,,显示器件,电子元器件,研发和生产平板显示材料及触控器件。
592,002107,沃华医药,山东沃华医药科技股份有限公司,山东,潍坊市,9.43亿,1.61亿,1356,2007-01-24,--,,中药生产,中成药,"研发,生产,销售为一体的中成药企业。"
593,002108,沧州明珠,沧州明珠塑料股份有限公司,河北,沧州市,--,--,2091,2007-01-24,--,,管材,PE管道、BOPA薄膜、锂离子电池隔膜产品,PE燃气、给水管材管件的生产和销售以及BOPA薄膜的生产和销售。
594,002109,兴化股份,陕西兴化化学股份有限公司,陕西,咸阳市,--,--,1298,2007-01-26,--,,民爆用品,合成氨(液氨)、甲醇、甲胺、二甲基甲酰胺(DMF),化工产品的生产与销售。
595,002110,三钢闽光,福建三钢闽光股份有限公司,福建,三明市,--,--,13920,2007-01-26,--,,普钢,建筑用材、制品用材、中厚板材、优质圆钢、合金带钢、煤化工产品,钢铁为主业，辅以配套、延伸等附属产业。
596,002111,威海广泰,威海广泰空港设备股份有限公司,山东,威海市,--,--,2178,2007-01-26,--,,其他专用机械,空港设备、消防装备、消防报警,集空港装备、消防装备、军工装备、无人机、移动医疗装备、电力电子装备于一体的智能化高端保障装备制造平台。
597,002112,三变科技,三变科技股份有限公司,浙江,台州市,--,--,689,2007-02-08,--,,其他输变电设备,输配电及控制设备,变压器、电机、电抗器、低压成套电器设备、输变电设备的生产、维修、保养和销售。
598,002113,ST天润,湖南天润数字娱乐文化传媒股份有限公司,湖南,岳阳市,--,--,227,2007-02-08,--,,游戏,移动游戏的代理运营和推广、优易付计费及互联网广告精准投放、房屋租赁,移动网络游戏的研发及运营、移动游戏的代理运营和推广、从事运营商计费业务、广告精准投放业务和物业租赁等。
599,002114,罗平锌电,云南罗平锌电股份有限公司,云南,曲靖市,18.25亿,2694.94万,1838,2007-02-15,--,,铅锌,有色金属冶炼、发电,水力发电、铅锌矿的开采、选矿、铅锌金属的冶炼及附属产品的提炼。
600,002115,三维通信,三维通信股份有限公司,浙江,杭州市,--,--,1059,2007-02-15,--,,通信配套服务,移动通信网络设备及系统解决方案综合服务业务、卫星通信业务、广告业务、自媒体业务、游戏联运、安全专网融合通信设备及解决方案、5G通信基础设施建设及运营服务,通信业务和互联网广告传媒业务。
601,002116,中国海诚,中国海诚工程科技股份有限公司,上海,上海市,--,--,4803,2007-02-15,--,,专业工程,承包、设计、监理、咨询,为国内外工程建设提供设计、咨询、监理和总承包服务。
602,002117,东港股份,东港股份有限公司,山东,济南市,--,--,1606,2007-03-02,--,,包装印刷,印刷类业务、覆合类业务、技术服务类业务,"印刷类业务,覆合类业务和技术服务类业务。"
603,002118,紫鑫药业,吉林紫鑫药业股份有限公司,吉林,长春市,--,--,1096,2007-03-02,--,,中药生产,中成药产业、人参产业、工业大麻产业,中成药产业、人参产业、工业大麻产业。
604,002119,康强电子,宁波康强电子股份有限公司,浙江,宁波市,21.95亿,1.81亿,1062,2007-03-02,--,,半导体材料,引线框架产品、电极丝产品、模具及备件、冲床产品,各类半导体封装材料引线框架、键合丝等半导体封装材料的开发、生产、销售。
605,002120,韵达股份,韵达控股股份有限公司,浙江,宁波市,--,--,8646,2007-03-06,--,,物流,快递业务、物料销售,综合快递物流业务。
606,002121,科陆电子,深圳市科陆电子科技股份有限公司,广东,深圳市,--,--,3454,2007-03-06,--,,电气仪表,智能电网、储能、综合能源管理及服务、物业、金融业务,从事智能电网、新能源及综合能源服务。
607,002122,ST天马,天马轴承集团股份有限公司,浙江,杭州市,--,--,2252,2007-03-28,--,,基础件,轴承、机床、技术服务、图书、纸张,高端装备制造、创投服务与资产管理、互联网信息技术服务及传媒业务。
608,002123,梦网科技,梦网云科技集团股份有限公司,辽宁,鞍山市,--,--,999,2007-03-28,--,,其他互联网服务,移动信息服务、节能大功率电力电子产品,移动互联网运营支撑业务。
609,002124,天邦股份,天邦食品股份有限公司,浙江,宁波市,--,--,9437,2007-04-03,--,,饲料,商品种猪、商品仔猪、商品肉猪、猪肉生鲜产品、猪肉加工产品、猪用疫苗、猪用饲料和水产饲料、生猪养殖技术服务,"食品产业开发(生猪育种养殖和猪肉制品加工),生物制品研制与销售,饲料研制与销售。"
610,002125,湘潭电化,湘潭电化科技股份有限公司,湖南,湘潭市,--,--,1124,2007-04-03,--,,其他化学原料,化工材料行业、污水处理行业,电池材料的研发、生产和销售
611,002126,银轮股份,浙江银轮机械股份有限公司,浙江,台州市,--,--,7652,2007-04-18,--,,汽车零部件,传统乘用车产品、新能源汽车产品、工程机械产品、发动机后处理产品、商用车产品、工业用\民用产品,油、水、气、冷媒间的热交换器、汽车空调等热管理产品以及后处理排气系统相关产品的研发、生产与销售。
612,002127,南极电商,南极电商股份有限公司,江苏,苏州市,--,--,873,2007-04-18,--,,营销服务,现代服务、移动互联网、货品销售,品牌授权服务、电商生态综合服务平台服务、柔性供应链园区服务、专业增值服务及货品销售业务。
613,002128,电投能源,内蒙古电投能源股份有限公司,内蒙古,通辽市,--,--,7507,2007-04-18,--,,煤炭开采洗选,煤炭产品、电力产品、铝产品,煤炭和铝、电业务。
614,002129,中环股份,天津中环半导体股份有限公司,天津,天津市,--,--,10258,2007-04-20,--,,半导体材料,新能源材料、半导体材料、半导体器件、电力、服务,半导体硅片、半导体功率和整流器件、导体光伏单晶硅片、光伏电池及组件的研发、生产和销售。
615,002130,沃尔核材,深圳市沃尔核材股份有限公司,广东,深圳市,--,--,5893,2007-04-20,--,,非金属新材料,电子类产品、电力类产品、电线电缆产品,高分子核辐射改性新材料及系列电子、电力新产品和新设备的研发、制造和销售。
616,002131,利欧股份,利欧集团股份有限公司,浙江,台州市,--,--,5122,2007-04-27,--,,其他互联网服务,民用泵(微型小型水泵)、工业泵、园林机械、清洗和植保机械、配件、媒介代理服务、数字营销服务、口罩及相关防护用品,机械制造业务和数字营销业务。
617,002132,恒星科技,河南恒星科技股份有限公司,河南,郑州市,33.96亿,1.41亿,3638,2007-04-27,--,,金属制品,金属制品、多晶硅产品、化工产品,从事镀锌钢丝、镀锌钢绞线、钢帘线、胶管钢丝、预应力钢绞线、金刚线等金属制品的生产和销售。
618,002133,广宇集团,广宇集团股份有限公司,浙江,杭州市,--,--,395,2007-04-27,--,,房地产开发,房地产、贸易,"房地产投资、房地产开发经营、商品房销售及出租、实业投资、室内外装饰、工程技术咨询、仓储服务,建筑材料的销售。"
619,002134,天津普林,天津普林电路股份有限公司,天津,天津市,--,--,904,2007-05-16,--,,印制电路板,印制电路板,"印制电路板(PCB)的研发,生产及销售。"
620,002135,东南网架,浙江东南网架股份有限公司,浙江,杭州市,--,--,5702,2007-05-30,--,,钢结构,工程总承包、钢结构分包、化纤,钢结构建筑及围护系统的设计、制造、安装以及装配式钢结构建筑总承包业务及涤纶长丝的生产和销售
621,002136,安纳达,安徽安纳达钛业股份有限公司,安徽,铜陵市,20.47亿,2.02亿,697,2007-05-30,--,,其他化学制品,钛白粉系列产品、磷酸铁系列产品,钛白粉系列产品和磷酸铁系列产品。
622,002137,实益达,深圳市实益达科技股份有限公司,广东,深圳市,--,--,857,2007-06-13,--,,互联网营销,智慧智能终端产品、智能硬件制造、智慧营销服务,智能硬件和智慧营销两个业务板块。
623,002138,顺络电子,深圳顺络电子股份有限公司,广东,深圳市,45.77亿,8.50亿,6612,2007-06-13,--,,电子元件,电子元器件,从事研发、设计、生产、销售新型电子元器件；提供技术方案设计和技术转让、咨询服务，销售自产产品。
624,002139,拓邦股份,深圳拓邦股份有限公司,广东,深圳市,77.67亿,5.72亿,8445,2007-06-29,--,,电子零部件,智能控制,智能控制系统解决方案的研发、生产和销售。
625,002140,东华科技,东华工程科技股份有限公司,安徽,合肥市,--,--,1287,2007-07-12,--,,专业工程,设计咨询业务、工程总承包业务,为国内外工程项目建设提供咨询、设计、施工、总承包等全过程、全产业链的综合服务。
626,002141,贤丰控股,贤丰控股股份有限公司,广东,深圳市,--,--,870,2007-07-20,--,,电子元件,漆包线、新能源,微细漆包线业务和兽用疫苗业务。
627,002142,宁波银行,宁波银行股份有限公司,浙江,宁波市,--,--,24291,2007-07-19,--,,银行,客户贷款及垫款、客户存款、同业拆入,吸收公众存款；发放短期、中期和长期贷款；办理国内结算；办理票据贴现；发行金融债券。
628,002144,宏达高科,宏达高科控股股份有限公司,浙江,嘉兴市,--,--,560,2007-08-03,--,,纺织面料,面料织造、印染加工、医疗器械、贸易,纺织面料、医疗器械的研发、生产和销售。
629,002145,中核钛白,中核华原钛白股份有限公司,甘肃,白银市,--,--,2502,2007-08-03,--,,其他化学制品,金红石型钛白粉、氧化铁颜料,金红石型钛白粉的研发、生产和销售。
630,002146,荣盛发展,荣盛房地产发展股份有限公司,河北,廊坊市,--,--,24778,2007-08-08,--,,房地产开发,住宅、车库、商铺,房地产开发与销售。
631,002147,*ST新光,新光圆成股份有限公司,安徽,马鞍山市,--,--,1642,2007-08-08,--,,房地产开发,房地产、机械,"回转支承的生产与经营,地产开发与商业经营。"
632,002148,北纬科技,北京北纬通信科技股份有限公司,北京,北京市,2.18亿,5924.39万,191,2007-08-10,--,,通信配套服务,物联网应用及移动增值业务、手机游戏业务、移动互联网产业园,物联网应用及移动增值、手机游戏、移动互联网产业园。
633,002149,西部材料,西部金属材料股份有限公司,陕西,西安市,--,--,1562,2007-08-10,--,,其他金属新材料,稀有金属压延加工,稀有金属材料的研发、生产和销售。
634,002150,通润装备,江苏通润装备科技股份有限公司,江苏,苏州市,--,--,1367,2007-08-10,--,,金属制品,金属工具、公司机电钣金、公司输配电控制设备,金属工具箱柜业务、机电钣金、输配电控制设备业务。
635,002151,北斗星通,北京北斗星通导航技术股份有限公司,北京,北京市,--,--,5030,2007-08-13,--,,卫星应用,导航芯片/模块/板卡系列产品、导航定位天线及通讯产品、微波元器件及组件产品、行业应用终端产品,基础产品、汽车智能网联与工程服务、信息装备、基于位置的行业应用与运营服务。
636,002152,广电运通,广州广电运通金融电子股份有限公司,广东,广州市,67.82亿,9.79亿,27622,2007-08-13,--,,专用计算机设备,金融智能设备、城市智能设备、技术服务及其他,为全球客户提供具有竞争力的智能终端、运营服务及大数据解决方案。
637,002153,石基信息,北京中长石基信息技术股份有限公司,北京,北京市,--,--,5291,2007-08-13,--,,行业应用软件,酒店信息管理系统业务、餐饮信息管理系统业务、支付系统业务、商业流通管理系统业务、旅游休闲系统业务、第三方硬件配套业务,从事酒店、餐饮、零售、休闲娱乐等大消费行业信息管理系统软件的开发与销售、系统集成、技术支持与服务业务。
638,002154,报喜鸟,报喜鸟控股股份有限公司,浙江,温州市,--,--,7255,2007-08-16,--,,男装,报喜鸟系列服装产品,品牌服装的研发、生产和销售
639,002155,湖南黄金,湖南黄金股份有限公司,湖南,长沙市,198.46亿,3.65亿,5051,2007-08-16,--,,黄金,有色金属开采、有色金属冶炼、外购非标金业务、贸易行业,从事黄金及锑、钨等有色金属矿山的开采、选矿，金锑钨等有色金属的冶炼及加工，黄金、精锑的深加工及有色金属矿产品的进出口业务等。
640,002156,通富微电,通富微电子股份有限公司,江苏,南通市,158.12亿,9.66亿,16737,2007-08-16,--,,集成电路,集成电路封装测试,集成电路封装测试。
641,002157,正邦科技,江西正邦科技股份有限公司,江西,南昌市,--,--,52322,2007-08-17,--,,饲料,饲料、生猪养殖、兽药,主要从事饲料、生猪、兽药的生产与销售，并为养殖户提供产品、养殖技术服务等综合服务。
642,002158,汉钟精机,上海汉钟精机股份有限公司,上海,上海市,--,--,1859,2007-08-17,--,,制冷空调设备,制冷产品、空压产品、真空产品、铸件产品、零件及维修,螺杆式压缩机应用技术的研制开发、生产销售及售后服务。
643,002159,三特索道,武汉三特索道集团股份有限公司,湖北,武汉市,--,--,1235,2007-08-17,--,,景区,旅游资源的综合开发,以风景区客运索道运输服务为主，辅以旅游景区经营、景观房地产开发及景区酒店业务。
644,002160,常铝股份,江苏常铝铝业集团股份有限公司,江苏,苏州市,--,--,2243,2007-08-21,--,,铝,铝箔制品、医疗洁净,工业热传递材料、热传递设备综合解决方案和医疗健康系统洁净技术与污染控制整体解决方案。
645,002161,远望谷,深圳市远望谷信息技术股份有限公司,广东,深圳市,--,--,704,2007-08-21,--,,电子零部件,读写装置、电子标签、软件、备品备件及其他、开发产品,"RFID核心技术,产品与系统解决方案的研发。"
646,002162,悦心健康,上海悦心健康集团股份有限公司,上海,上海市,--,--,881,2007-08-23,--,,陶瓷,建筑陶瓷、负离子健康材料,建材业务、医疗服务、养老服务、投资性房地产租赁等。
647,002163,海南发展,海控南海发展股份有限公司,广东,深圳市,--,--,2942,2007-08-23,--,,玻璃,幕墙工程、幕墙玻璃制品、家电玻璃制品、幕墙门窗制品、特玻材料,主要从事建筑幕墙工程研发、设计、施工，幕墙产品和太阳能超白压延玻璃、电子功能玻璃的生产、销售业务。
648,002164,宁波东力,宁波东力股份有限公司,浙江,宁波市,--,--,1548,2007-08-23,--,,基础件,装备制造,专注于齿轮箱、电机及传动装置的研发、生产和服务。
649,002165,红宝丽,红宝丽集团股份有限公司,江苏,南京市,--,--,1331,2007-09-13,--,,聚氨酯,基础化工原料、新兴材料,从事环氧丙烷衍生品，包括聚氨酯硬泡组合聚醚、特种聚醚、异丙醇胺系列产品，以及环氧丙烷、聚氨酯保温板的研发、生产和销售。
650,002166,莱茵生物,桂林莱茵生物科技股份有限公司,广西,桂林市,--,--,685,2007-09-13,--,,中药生产,植物提取、BT项目,天然健康产品业务和建筑业务。
651,002167,东方锆业,广东东方锆业科技股份有限公司,广东,汕头市,12.86亿,1.50亿,1115,2007-09-13,--,,稀有金属,锆产品,从事锆系列制品研发、生产和经营。
652,002168,惠程科技,深圳市惠程信息科技股份有限公司,广东,深圳市,--,--,639,2007-09-19,--,,其他电气设备,电气产品、绝缘产品、游戏发行、游戏研发,电气业务和投资业务，大数据精细化营销的流量经营业务和移动游戏的研发、发行及游戏平台的运营等信息科技业务。
653,002169,智光电气,广州智光电气股份有限公司,广东,广州市,--,--,1845,2007-09-19,--,,电气自控设备,电力电子产品、电力装备、节能服务、用电服务,电力电子技术研究和产品应用、综合能源服务整体解决方案、能源技术及服务领域产业投资。
654,002170,芭田股份,深圳市芭田生态工程股份有限公司,广东,深圳市,--,--,2425,2007-09-19,--,,复合肥,化学肥料制造,植物营养链和健康农业用肥的研发、服务及运营。
655,002171,楚江新材,安徽楚江科技新材料股份有限公司,安徽,芜湖市,--,--,6422,2007-09-21,--,,铜,金属材料研发及制造、高端装备制造及新材料、碳纤维复合材料、运输物流,铜基材料、钢基材料、新材料、高端热工装备的研制、生产和销售。
656,002172,澳洋健康,江苏澳洋健康产业股份有限公司,江苏,苏州市,--,--,3742,2007-09-21,--,,粘胶纤维,化学纤维、医药物流、医疗服务,化学纤维及健康医疗。
657,002173,创新医疗,创新医疗管理股份有限公司,浙江,绍兴市,--,--,3251,2007-09-25,--,,医疗服务,医疗服务,医疗服务。
658,002174,游族网络,游族网络股份有限公司,福建,泉州市,--,--,2134,2007-09-25,--,,游戏,网页游戏、移动游戏,移动游戏和网页游戏的研发、发行及运营。
659,002175,*ST东网,东方时代网络传媒股份有限公司,广西,桂林市,2.34亿,4.09亿,808,2007-10-12,--,,文化传媒,量仪量具产品,量具量仪的研发、生产和销售。
660,002176,江特电机,江西特种电机股份有限公司,江西,宜春市,--,--,2729,2007-10-12,--,,电机,特种电机、锂云母采选、碳酸锂加工,锂云母采选及碳酸锂加工、特种电机研发生产和销售。
661,002177,御银股份,广州御银科技股份有限公司,广东,广州市,--,--,276,2007-11-01,--,,专用计算机设备,专用设备制造,ATM产品销售、ATM运营服务和ATM技术服务。
662,002178,延华智能,上海延华智能科技(集团)股份有限公司,上海,上海市,--,--,1025,2007-11-01,--,,房屋建筑,智慧医院、智慧区域、智慧康养、绿色节能智慧城市领域,专注于智慧城市顶层设计、电子政务、智慧医疗、智慧节能、智慧环保、智能建筑、智慧交通、智慧养老等智慧城市各专业领域。
663,002179,中航光电,中航光电科技股份有限公司,河南,洛阳市,128.67亿,21.26亿,14537,2007-11-01,--,,电子零部件,光、电、流体连接器,"高可靠光、电、流体连接器及相关设备的研发、生产、销售与服务,并提供系统的互连技术解决方案。"
664,002180,纳思达,纳思达股份有限公司,广东,珠海市,--,--,16886,2007-11-13,--,,集成电路,芯片、耗材、配件、打印业务、软件及服务、授权许可,集成电路芯片、通用打印耗材及核心部件和再生打印耗材的研究、开发、生产和销售。
665,002181,粤传媒,广东广州日报传媒股份有限公司,广东,广州市,--,--,1814,2007-11-16,--,,平面媒体,报刊、商业印刷、新媒体、商品、物流运输,广告业务、销售业务、印刷业务、系列媒体经营业务、文创园区运营及文化产业投资业务等。
666,002182,云海金属,南京云海特种金属股份有限公司,江苏,南京市,81.17亿,5.17亿,3527,2007-11-13,--,,其他金属新材料,镁合金、铝合金、金属锶、镁粒子、中间合金、压铸件,为镁、铝轻质合金材料及其挤压、压铸等深加工业务。
667,002183,怡亚通,深圳市怡亚通供应链股份有限公司,广东,深圳市,--,--,11133,2007-11-13,--,,供应链管理,供应链管理服务业务,供应链管理服务。
668,002184,海得控制,上海海得控制系统股份有限公司,上海,上海市,--,--,1065,2007-11-16,--,,电气自控设备,工业电气自动化业务、工业信息化业务、新能源业务,以工业自动化控制技术、工业信息化技术及其融合技术为主要特征的软硬件产品、系统集成与解决方案的研发、生产与销售。
669,002185,华天科技,天水华天科技股份有限公司,甘肃,天水市,--,--,22415,2007-11-20,--,,集成电路,集成电路封装产品,集成电路封装测试。
670,002186,全聚德,中国全聚德(集团)股份有限公司,北京,北京市,--,--,3584,2007-11-20,--,,餐饮,餐饮服务、商品销售,餐饮服务及食品加工、销售业务。
671,002187,广百股份,广州市广百股份有限公司,广东,广州市,59.76亿,2.61亿,3820,2007-11-22,--,,百货,商业、租赁,百货零售服务。
672,002188,*ST巴士,巴士在线股份有限公司,浙江,嘉兴市,2.74亿,1.48亿,1234,2007-11-22,--,,网络媒体,物业管理、电子元器件、贸易业务、其他业务,物业管理服务。
673,002189,中光学,中光学集团股份有限公司,河南,南阳市,--,--,3327,2007-12-03,--,,光学元件,光学仪器制造,精密光学元组件、光电防务、军民两用要地监控、投影整机及其核心部件。
674,002190,成飞集成,四川成飞集成科技股份有限公司,四川,成都市,12.68亿,9141.20万,1147,2007-12-03,--,,其他电气设备,工装模具及汽车零部件、航空零部件,工模具设计、研制和制造、汽车零部件生产、航空零部件的生产。
675,002191,劲嘉股份,深圳劲嘉集团股份有限公司,广东,深圳市,--,--,5047,2007-12-05,--,,包装印刷,包装印刷、镭射包装材料、物业管理,高端包装印刷品和包装材料的研究生产。
676,002192,融捷股份,融捷股份有限公司,广东,广州市,--,--,552,2007-12-05,--,,电池,锂矿采选、锂盐及深加工、锂电设备,锂矿采选行业、锂盐及深加工、锂电设备。
677,002193,如意集团,山东如意毛纺服装集团股份有限公司,山东,济宁市,--,--,2479,2007-12-07,--,,毛纺,精纺呢绒、西装,纺织品、服装和服饰的设计、生产、销售。羊毛及其他纺织原料辅料的收购、加工及销售，纺织服装技术的研发、推广等。
678,002194,武汉凡谷,武汉凡谷电子技术股份有限公司,湖北,武汉市,18.38亿,2.28亿,2676,2007-12-07,--,,通信传输设备,射频器件,从事射频器件和射频子系统的研发、生产、销售和服务。
679,002195,二三四五,上海二三四五网络控股集团股份有限公司,上海,上海市,--,--,628,2007-12-12,--,,其他非银行金融,PC端业务、移动端业务、金融科技服务,互联网信息服务业务、多元投资业务。
680,002196,方正电机,浙江方正电机股份有限公司,浙江,丽水市,--,--,2328,2007-12-12,--,,电机,机械,微特电机、新能源汽车驱动电机、汽车电子（发动机控制器）及家电智能控制器的研发、生产和销售。
681,002197,证通电子,深圳市证通电子股份有限公司,广东,深圳市,--,--,1234,2007-12-18,--,,金融设备,DC及云计算业务、金融科技业务、照明科技业务,金融科技业务、IDC及云计算业务、照明科技业务。
682,002198,嘉应制药,广东嘉应制药股份有限公司,广东,梅州市,5.75亿,147.73万,753,2007-12-18,--,,中药生产,咽喉类、感冒类、骨科类、风湿类、妇科类、清热类、补益类、肠胃类,中成药的研发、生产和销售。
683,002199,东晶电子,浙江东晶电子股份有限公司,浙江,金华市,--,--,684,2007-12-21,--,,电子元件,谐振器、振荡器、电容、供应链服务,石英晶体元器件的研发、设计、生产和销售。
684,002200,ST云投,云南云投生态环境科技股份有限公司,云南,昆明市,--,--,297,2007-12-21,--,,园林工程,苗木销售、苗木租摆、绿化工程施工、客栈住宿收入、房地产销售,市政及绿化工程、生态治理和生态修复。
685,002201,正威新材,江苏正威新材料股份有限公司,江苏,南通市,--,--,2278,2007-12-26,--,,玻纤,玻璃纤维及制品、玻璃纤维增强塑料制品、其他,玻璃纤维深加工制品、玻璃纤维复合材料以及高性能玻璃纤维、高性能玻璃纤维增强基材的制造和销售。
686,002202,金风科技,新疆金风科技股份有限公司,新疆,乌鲁木齐市,505.71亿,34.91亿,10781,2007-12-26,--,,风能,风机及零部件销售、风电服务、风电场开发,风机制造、风电服务、风电场投资与开发以及水务。
687,002203,海亮股份,浙江海亮股份有限公司,浙江,绍兴市,--,--,8012,2008-01-16,--,,铜,铜制品,铜管、铜棒、铜管接件、铜铝复合导体、铝型材等产品的研发、生产制造和销售。
688,002204,大连重工,大连华锐重工集团股份有限公司,辽宁,大连市,--,--,5422,2008-01-16,--,,基础件,机械设备制造,为冶金、港口、能源、矿山、工程、交通、航空航天、造船等国民经济基础产业提供成套技术装备、高新技术产品和服务。
689,002205,国统股份,新疆国统管道股份有限公司,新疆,乌鲁木齐市,--,--,1228,2008-01-23,--,,管材,基建建设、建材、建筑安装服务、运输,预应力钢筒混凝土管(PCCP)、各种输水管道及其异型管件和配件、地铁盾构环片等水泥制品的制造、运输及相关的技术开发和咨询服务和PPP项目。
690,002206,海利得,浙江海利得新材料股份有限公司,浙江,嘉兴市,--,--,2838,2008-01-23,--,,涤纶,化学纤维制品、橡胶和塑料制品,化学纤维制品、橡胶和塑料制品的研发、生产、销售。
691,002207,准油股份,新疆准东石油技术股份有限公司,新疆,昌吉回族自治州,--,--,791,2008-01-28,--,,油田服务,石油技术、油田管理、化工产品、运输业、施工,动态监测、井下技术作业、页岩油开采技术服务。
692,002208,合肥城建,合肥城建发展股份有限公司,安徽,合肥市,--,--,452,2008-01-28,--,,房地产开发,房地产开发,房地产开发。
693,002209,达意隆,广州达意隆包装机械股份有限公司,广东,广州市,--,--,1294,2008-01-30,--,,印刷包装设备,液体包装机械及自动化设备,从事液体包装机械的研发、生产和销售。
694,002210,飞马国际,深圳市飞马国际供应链股份有限公司,广东,深圳市,--,--,306,2008-01-30,--,,物流,综合物流服务、贸易执行服务、环保新能源行业,供应链管理服务和环保新能源业务。
695,002211,宏达新材,上海宏达新材料股份有限公司,上海,上海市,--,--,405,2008-02-01,--,,其他化学制品,硅橡胶系列产品、专网无线通信产品,硅橡胶及其制品的加工销售、专网通信设备的加工、组装、检测及销售业务等。
696,002212,天融信,天融信科技集团股份有限公司,广东,汕头市,--,--,5357,2008-02-01,--,,电线电缆,网络安全、大数据、云服务,提供网络安全及大数据产品和安全服务。
697,002213,大为股份,深圳市大为创新科技股份有限公司,广东,深圳市,--,--,218,2008-02-01,--,,汽车零部件,电涡流缓速器、液力缓速器、通信设备、计算机及其他电子设备、手机配件、房屋租赁、缓速器配件、行车记录仪,汽车制造业、新一代信息技术业。
698,002214,大立科技,浙江大立科技股份有限公司,浙江,杭州市,--,--,816,2008-02-18,--,,电子零部件,红外热像仪系列产品、巡检机器人,非制冷焦平面探测器、红外热像仪、红外热成像系统的研发、生产和销售。
699,002215,诺普信,深圳诺普信农化股份有限公司,广东,深圳市,--,--,3113,2008-02-18,--,,农药,农药制剂、植物营养,研发、生产、销售环境友好农药制剂和植物营养等农业投入品，为客户提供专业化农业综合服务。
700,002216,三全食品,三全食品股份有限公司,河南,郑州市,--,--,7161,2008-02-20,--,,冷冻食品,速冻面米制品、速冻调制食品、冷藏及短保类,速冻面米制品、速冻调制食品、冷藏产品、常温产品等的研发、生产和销售。
701,002217,合力泰,合力泰科技股份有限公司,福建,福州市,--,--,20798,2008-02-20,--,,显示器件,触控显示类产品、光电传感类产品、TN/STN/电子纸显示类产品、FPC产品、化工类产品、其他显示产品,触屏显示业务和化工业务
702,002218,拓日新能,深圳市拓日新能源科技股份有限公司,广东,深圳市,--,--,1226,2008-02-28,--,,电池,晶体硅太阳能电池芯片及组件、电费、光伏太阳能玻璃、其他光伏类产品,"高效太阳电池,高效光伏组件,多样化便携型太阳能电源及太阳能照明系统,光伏玻璃,光伏胶膜材料,光伏电站支架等产品的研发与生产,分布式及地面光伏电站的设计,建设及运维等业务。"
703,002219,*ST恒康,恒康医疗集团股份有限公司,甘肃,陇南市,--,--,7576,2008-03-06,--,,医疗服务,医疗服务、药品制造,医疗服务和药品制造。
704,002221,东华能源,东华能源股份有限公司,江苏,南京市,--,--,1903,2008-03-06,--,,石油加工,液化石油气、仓储,生产、销售液化气并提供相关售后服务。
705,002222,福晶科技,福建福晶科技股份有限公司,福建,福州市,--,--,1325,2008-03-19,--,,电子元件,晶体元器件、精密光学元件、激光器件,激光及光通讯领域各类晶体元器件、精密光学元件及激光器件的研发、生产和销售。
706,002223,鱼跃医疗,江苏鱼跃医疗设备股份有限公司,江苏,镇江市,--,--,5525,2008-04-18,--,,医疗器械,医用呼吸与供氧、医用临床、家用医疗、外贸产品,研发、制造和销售医疗器械产品及提供相关解决方案。
707,002224,三力士,三力士股份有限公司,浙江,绍兴市,--,--,888,2008-04-25,--,,其他橡胶制品,橡胶V带,橡胶制品的研发、生产与销售。
708,002225,濮耐股份,濮阳濮耐高温材料(集团)股份有限公司,河南,濮阳市,--,--,4577,2008-04-25,--,,耐火材料,功能性耐火材料、定型耐火材料、不定形耐火材料,主要从事研制、生产和销售定型、不定形耐火材料，功能耐火材料及配套机构，并承担各种热工设备用耐火材料设计、安装、施工服务等整体承包业务。
709,002226,江南化工,安徽江南化工股份有限公司,安徽,合肥市,64.81亿,12.01亿,6962,2008-05-06,--,,民爆用品,民爆业务、新能源业务,主要从事工业炸药、工业雷管、工业索类等民用爆炸物品的研发、生产、销售，以及为客户提供工程施工服务；风力发电、光伏发电的项目开发、建设及运营。盾安新能源专业从事风电场、光伏电站开发、建设、运营。
710,002227,奥特迅,深圳奥特迅电力设备股份有限公司,广东,深圳市,--,--,553,2008-05-06,--,,储能设备,电力用直流和交流一体化不间断电源设备、运行设备维护、新能源电动汽车充电、电能质量治理设 备,电力自动化电源业务、电动汽车充电业务和电能质量治理业务。
711,002228,合兴包装,厦门合兴包装印刷股份有限公司,福建,厦门市,--,--,10362,2008-05-08,--,,包装印刷,包装制造、产业链服务,从事中高档瓦楞纸箱、纸板及缓冲包装材料的研发与设计、生产、销售及服务。
712,002229,鸿博股份,鸿博股份有限公司,福建,福州市,--,--,1066,2008-05-08,--,,包装印刷,票证产品、包装办公用纸,安全印务、彩票新渠道服务、书刊印刷与高端包装印刷等。
713,002230,科大讯飞,科大讯飞股份有限公司,安徽,合肥市,--,--,11006,2008-05-12,--,,行业应用软件,讯飞开放平台及消费者业务、智慧教育、智慧医疗、智慧城市、智慧金融、智慧汽车,"从事语音及语言、自然语言理解、机器学习推理及自主学习等人工智能核心技术研究,人工智能产品研发和行业应用落地。"
714,002231,奥维通信,奥维通信股份有限公司,辽宁,沈阳市,5.61亿,2332.94万,163,2008-05-12,--,,通信终端设备,军工信息化产品及解决方案、网络优化覆盖设备及解决方案,从事军队电子信息化、音视频指挥系统、网络通信等业务领域并提供专业解决方案。
715,002232,启明信息,启明信息技术股份有限公司,吉林,长春市,10.51亿,4040.47万,1525,2008-05-09,--,,行业应用软件,工业信息,企业数字运营和智慧营销及智慧汽车。
716,002233,塔牌集团,广东塔牌集团股份有限公司,广东,梅州市,77.13亿,18.37亿,2685,2008-05-16,--,,水泥,水泥、石灰石、熟料、商品混凝土、环保处置,各类硅酸盐水泥、预拌混凝土的生产和销售。
717,002234,民和股份,山东民和牧业股份有限公司,山东,烟台市,17.75亿,4259.41万,4727,2008-05-16,--,,畜牧养殖,雏鸡、鸡肉制品、淘汰鸡、电力、生物有机肥、生物燃气,父母代肉种鸡的饲养、商品代肉鸡苗的生产与销售;商品代肉鸡的养殖与销售;饲料、鸡肉制品的生产与销售;利用鸡粪进行沼气发电，并利用沼气发电的副产品开展有机肥的生产与销售。
718,002235,安妮股份,厦门安妮股份有限公司,福建,厦门市,--,--,424,2008-05-16,--,,造纸,版权综合服务、商务信息用纸服务,版权综合服务和商务信息用纸服务。
719,002236,大华股份,浙江大华技术股份有限公司,浙江,杭州市,--,--,17251,2008-05-20,--,,PC、服务器及硬件,视频物联,为城市、企业、家庭数字化转型提供一站式智慧物联服务与解决方案。
720,002237,恒邦股份,山东恒邦冶炼股份有限公司,山东,烟台市,413.83亿,4.27亿,4926,2008-05-20,--,,黄金,贵金属冶炼、有色金属冶炼、有色金属贸易、化工生产、矿粉销售,从事黄金矿产资源开发、贵金属冶炼、高新材料研发及生产、国际贸易等产业务。
721,002238,天威视讯,深圳市天威视讯股份有限公司,广东,深圳市,--,--,2211,2008-05-26,--,,有线电视,有线电视服务、电视购物,为向用户提供有线数字业务（包括基本收视、增值和政企业务）、互联网宽带接入服务和电视、网络购物服务。
722,002239,奥特佳,奥特佳新能源科技股份有限公司,江苏,南京市,--,--,5322,2008-05-22,--,,汽车零部件,机械制造,汽车热管理系统技术开发、产品生产及销售。
723,002240,盛新锂能,盛新锂能集团股份有限公司,广东,深圳市,29.34亿,8.68亿,1765,2008-05-23,--,,家具制造,纤维板、林木、稀土、锂产品,从事新能源材料业务，主要是锂矿采选、基础锂盐的生产与销售以及少量林木业务。
724,002241,歌尔股份,歌尔股份有限公司,山东,潍坊市,782.21亿,43.07亿,95780,2008-05-22,--,,电子零部件,精密零组件、智能声学整机、智能硬件,精密零组件业务、智能声学整机业务和智能硬件业务。
725,002242,九阳股份,九阳股份有限公司,山东,济南市,105.40亿,7.01亿,2915,2008-05-28,--,,小家电,厨房小家电产品,小家电系列产品的研发、生产和销售。
726,002243,力合科创,深圳市力合科创股份有限公司,广东,深圳市,30.09亿,7.83亿,4330,2008-05-28,--,,包装印刷,科技创新服务、新材料,塑料包装及容器、科技创新服务。
727,002244,滨江集团,杭州滨江房产集团股份有限公司,浙江,杭州市,--,--,1555,2008-05-29,--,,房地产开发,房产销售、房产项目管理服务、房产租赁、酒店管理服务,房地产开发及其延伸业务的经营。
728,002245,蔚蓝锂芯,江苏蔚蓝锂芯股份有限公司,江苏,苏州市,66.80亿,7.10亿,3264,2008-06-05,--,,物流,锂电池、LED芯片、金属物流配送,LED芯片业务、锂电池及金属物流配送。
729,002246,北化股份,北方化学工业股份有限公司,四川,泸州市,--,--,3611,2008-06-05,--,,聚氨酯,化学原料、专用设备,以硝化棉系列产品为核心的纤维素及其衍生物产业和以活性炭为基础的环保器材及核生化防护装备制造产业及以渣浆泵为核心的特种工业泵系列产品环保装备的制造。
730,002247,聚力文化,浙江聚力文化发展股份有限公司,浙江,杭州市,11.64亿,8066.50万,1487,2008-06-12,--,,装修装饰材料,建筑装饰贴面材料,中高端建筑装饰贴面材料的研发、设计、生产和销售。
731,002248,华东数控,威海华东数控股份有限公司,山东,威海市,--,--,366,2008-06-12,--,,机床设备,数控机床产品、普通机床产品、机床配件产品,数控机床、普通机床及其关键功能部件的研发、生产和销售。
732,002249,大洋电机,中山大洋电机股份有限公司,广东,中山市,--,--,12632,2008-06-19,--,,电机,起动机及发电机、新能源汽车动力总成系统、磁性材料、汽车租赁、建筑及家居用电机,微特电机、新能源汽车电驱动系统、汽车起动机及发电机和磁性材料等的生产和销售。
733,002250,联化科技,联化科技股份有限公司,浙江,台州市,--,--,5751,2008-06-19,--,,农药,医药、农药、功能化学品、贸易,植保、医药和功能化学品三大板块。
734,002251,步步高,步步高商业连锁股份有限公司,湖南,湘潭市,--,--,24335,2008-06-19,--,,超市,批发零售,商品零售。
735,002252,上海莱士,上海莱士血液制品股份有限公司,上海,上海市,--,--,2976,2008-06-23,--,,生物医药,白蛋白、免疫球蛋白类、凝血因子类,生产和销售血液制品。
736,002253,川大智胜,四川川大智胜软件股份有限公司,四川,成都市,3.01亿,2436.37万,634,2008-06-23,--,,行业应用软件,航空及空管产品与服务、人工智能产品与服务、虚拟现实和增强现实产品与服务、信息化及其他产品与服务,民航空管产品和服务，如空管自动化系统、多通道数字同步记录仪、雷达模拟机、塔台视景模拟机等，航空公司在岗飞行员飞行模拟机培训业务，军航业务，信息化业务以及高精度三维人脸照相机和高精度三维人脸识别软件基于地-空通话自动识别的空管指挥安全自动监察系统，管制员飞行训练模拟机，宽带融合三坐标低空监视雷达网络，远程数字孪生机场塔台。
737,002254,泰和新材,烟台泰和新材料股份有限公司,山东,烟台市,--,--,1908,2008-06-25,--,,氨纶,氨纶、芳纶,氨纶、芳纶等高性能纤维的研发生产及销售。
738,002255,海陆重工,苏州海陆重工股份有限公司,江苏,苏州市,--,--,1242,2008-06-25,--,,锅炉,工业制造、环保工程服务、环保运营、新能源业务,从事工业余热锅炉、大型及特种材质压力容器和核安全设备的制造销售业务。
739,002256,兆新股份,深圳市兆新能源股份有限公司,广东,深圳市,3.40亿,-5.00亿,269,2008-06-25,--,,涂料涂漆,精细化工、新材料、光伏发电、光伏发电设备,精细化工、室内环境治理、生物降解材料、新能源太阳能发电、新能源汽车运营、新能源汽车充电投资。
740,002258,利尔化学,利尔化学股份有限公司,四川,成都市,64.94亿,11.63亿,5360,2008-07-08,--,,农药,农药原药、农药制剂、化工材料,主要从事氯代吡啶类、有机磷类等高效、低毒、低残留的安全农药原药的研发、生产和销售。
741,002259,ST升达,四川升达林业产业股份有限公司,四川,成都市,--,--,263,2008-07-16,--,,燃气,燃气行业,天然气液化加工。
742,002260,*ST德奥,德奥通用航空股份有限公司,广东,佛山市,--,--,919,2008-07-16,--,,小家电,电器设备业务、通用航空业务、工贸业务,提供电饭煲、电烤炉、电煎板、电压力锅、多用锅、电烤箱等厨房小家电产品以及电磁灶、电磁蒸柜等零排放智能商用厨房设备的研发、制造及营销服务
743,002261,拓维信息,拓维信息系统股份有限公司,湖南,长沙市,--,--,3932,2008-07-23,--,,行业应用软件,教育服务、手机游戏、软件云服务,以教育服务为主航道，以软件云服务和移动游戏业务为两翼协同发展
744,002262,恩华药业,江苏恩华药业股份有限公司,江苏,徐州市,39.36亿,7.98亿,4732,2008-07-23,--,,化学制剂,麻醉类、精神类、神经类、其他制剂、原料药、商业医药,医药生产、研发和销售。
745,002263,大东南,浙江大东南股份有限公司,浙江,绍兴市,--,--,719,2008-07-28,--,,塑料制品,塑料包装、网络游戏,从事各类塑料薄膜及新材料的研发、生产和销售
746,002264,新华都,新华都购物广场股份有限公司,福建,福州市,50.32亿,1579.80万,4704,2008-07-31,--,,超市,生鲜、食品、日用品、百货,以数据研究为基础的效果营销服务提供商。
747,002265,西仪股份,云南西仪工业股份有限公司,云南,昆明市,7.84亿,609.29万,1617,2008-08-06,--,,汽车零部件,汽车发动机连杆、其他工业产品、机床零部件,汽车发动机连杆、其他工业产品、其他产品的研发与生产。
748,002266,浙富控股,浙富控股集团股份有限公司,浙江,杭州市,--,--,5787,2008-08-06,--,,机械设备制造业,清洁能源设备、特种发电机、石油采掘、危险废物处置及资源化产品,危险废物无害化处理及再生资源回收利用业务、清洁能源装备的水电业务和核电业务。
749,002267,陕天然气,陕西省天然气股份有限公司,陕西,西安市,--,--,2138,2008-08-13,--,,燃气,长输管道、城市燃气,长输管道的建设与运营及城市燃气销售。
750,002268,卫士通,成都卫士通信息产业股份有限公司,四川,成都市,--,--,2409,2008-08-11,--,,其他软件服务,安全产品、安全服务、安全集成,从事信息安全产品研制、生产及销售，产品线覆盖数据安全、网络安全、应用安全、安全平台等类别。
751,002269,美邦服饰,上海美特斯邦威服饰股份有限公司,上海,上海市,--,--,4951,2008-08-28,--,,休闲服装,服装,品牌时尚休闲服饰产品的设计和销售。
752,002270,华明装备,华明电力装备股份有限公司,山东,济南市,--,--,1611,2008-09-05,--,,其他输变电设备,电力设备、数控设备、电力工程,变压器有载分接开关和数控设备的研发、生产、销售以及电力工程和其他工程业务。
753,002271,东方雨虹,北京东方雨虹防水技术股份有限公司,北京,北京市,--,--,9919,2008-09-10,--,,其他建材,防水卷材、防水涂料、防水施工,从事新型建筑防水材料的研发、生产、销售及防水工程施工业务。
754,002272,川润股份,四川川润股份有限公司,四川,成都市,15.31亿,5835.93万,1779,2008-09-19,--,,基础件,液压润滑流体工业技术服务、电站锅炉工程技术服务、产业互联网、工业互联网服务,流体机械与控制技术、节能环保动力装备的研发、生产和销售，以及清洁能源项目投资运营及EPC服务。
755,002273,水晶光电,浙江水晶光电科技股份有限公司,浙江,台州市,38.09亿,4.61亿,6308,2008-09-19,--,,光学元件,光学成像元器件、生物识别、薄膜光学面板、新型显示、反光材料,"从事光学影像,薄膜光学面板,汽车电子(AR+),反光材料等领域相关产品的研发,生产和销售。"
756,002274,华昌化工,江苏华昌化工股份有限公司,江苏,苏州市,--,--,3283,2008-09-25,--,,复合肥,纯碱行业、肥料行业、新材料,化工原料、化工产品、化肥生产;金属材料、建筑材料、日用百货、煤炭销售。
757,002275,桂林三金,桂林三金药业股份有限公司,广西,桂林市,--,--,2561,2009-07-10,--,,中药生产,医药,中成药的研发、制造与销售，同时涵盖化学药品制剂、生物制剂与日化保健大健康等多个细分行业。
758,002276,万马股份,浙江万马股份有限公司,浙江,杭州市,--,--,5143,2009-07-10,--,,电线电缆,电力、通信、高分子材料、贸易,电线电缆、高分子材料、汽车充电设备等产品的研发、生产和销售，以及光伏发电与运维服务
759,002277,友阿股份,湖南友谊阿波罗商业股份有限公司,湖南,长沙市,--,--,3938,2009-07-17,--,,百货,零售、彩票、房地产、宾馆餐饮,百货零售。
760,002278,神开股份,上海神开石油化工装备股份有限公司,上海,上海市,--,--,749,2009-08-11,--,,矿山冶金机械,制造业,研发、制造、销售石油化工仪器装备及提供相关工程技术服务。
761,002279,久其软件,北京久其软件股份有限公司,北京,北京市,--,--,2726,2009-08-11,--,,基础软件,软件产品、技术服务、硬件产品、信息服务,电子政务、集团管控、数字传播领域的研发和管理咨询服务。
762,002280,联络互动,杭州联络互动信息科技股份有限公司,浙江,杭州市,--,--,1954,2009-08-21,--,,电子商务B2B,电商及经销、应用分发及数据运营、文化传媒,电商业务为核心，发展广告传媒业务，培育智能硬件业务，兼具战略投资为辅的集团经营版图。
763,002281,光迅科技,武汉光迅科技股份有限公司,湖北,武汉市,--,--,4578,2009-08-21,--,,通信传输设备,光电子器件、模块、子系统产品,光电子器件及子系统产品研发、生产、销售及技术服务。
764,002282,博深股份,博深股份有限公司,河北,石家庄市,--,--,1886,2009-08-21,--,,其他通用机械,金刚石工具、电动工具、合金工具、纸基涂附磨具、布基涂附磨具、薄膜基涂附磨具、轨交装备零部件、租赁业,金刚石工具的研发、生产和销售。
765,002283,天润工业,天润工业技术股份有限公司,山东,威海市,47.21亿,5.40亿,3687,2009-08-21,--,,汽车零部件,汽车零部件,曲轴、连杆、铸锻件、空气悬架生产制造。
766,002284,亚太股份,浙江亚太机电股份有限公司,浙江,杭州市,--,--,2630,2009-08-28,--,,汽车零部件,汽车零部件,汽车基础制动系统、汽车电子控制系统、智能驾驶系统、轮毂电机以及线控底盘系统的开发、生产、销售。
767,002285,世联行,深圳世联行集团股份有限公司,广东,深圳市,--,--,21237,2009-08-28,--,,房地产服务,代理销售业务、互联网+业务、金融服务业务、资产运营服务、物业管理服务、装修服务业务、顾问策划业务、资产投资服务,房地产咨询、房地产代理、房地产经纪、物业管理。
768,002286,保龄宝,保龄宝生物股份有限公司,山东,德州市,--,--,1122,2009-08-28,--,,糖醇,食品制造,功能糖的研发、制造及方案服务。
769,002287,奇正藏药,西藏奇正藏药股份有限公司,西藏,林芝市,--,--,2310,2009-08-28,--,,中药生产,消痛贴膏、青鹏软膏、白脉软膏、红花如意丸、铁棒锤止痛膏,藏药的研发、生产和销售。
770,002288,超华科技,广东超华科技股份有限公司,广东,梅州市,24.72亿,7115.04万,1911,2009-09-03,--,,印制电路板,印制电路板、覆铜箔板、铜箔、半固化片,从事高精度电子铜箔、各类覆铜板等电子基材和印制电路板(PCB)的研发、生产和销售。
771,002289,宇顺电子,深圳市宇顺电子股份有限公司,广东,深圳市,--,--,425,2009-09-03,--,,显示器件,液晶显示屏及模块、触控显示模组,液晶显示屏及模组、触摸屏及模组、触摸显示一体化模组、玻璃盖板等产品的研发、生产和销售。
772,002290,禾盛新材,苏州禾盛新型材料股份有限公司,江苏,苏州市,--,--,775,2009-09-03,--,,家电用复合材、金融业-商业保理,家电用外观复合材料、商业保理业务,家用电器复合材料的研发生产、销售以及PCM、VCM板材的定制等。
773,002291,星期六,星期六股份有限公司,广东,佛山市,--,--,1772,2009-09-03,--,,鞋帽,时尚女鞋、互联网广告行业,多品牌中高端时尚皮鞋的生产和销售，并批发、零售多元化的时尚产品；以移动互联网精准营销为核心的信息技术服务业务。
774,002292,奥飞娱乐,奥飞娱乐股份有限公司,广东,广州市,--,--,3906,2009-09-10,--,,动漫,玩具销售、影视类、婴童用品、电视媒体、游戏类、信息服务类,动漫IP及其内容的创作、传播和运营，以及玩具衍生品、婴童产品的研发、生产和销售。
775,002293,罗莱生活,罗莱生活科技股份有限公司,江苏,南通市,--,--,3452,2009-09-10,--,,家纺,纺织品,家纺产品和家居产品的研发、生产与销售。
776,002294,信立泰,深圳信立泰药业股份有限公司,广东,深圳市,30.58亿,5.28亿,3236,2009-09-10,--,,化学制剂,药品、医疗器械,药品、医疗器械产品的研发、生产、销售。
777,002295,精艺股份,广东精艺金属股份有限公司,广东,佛山市,--,--,510,2009-09-29,--,,铜,铜加工、贸易,铜加工和贸易业务。
778,002296,辉煌科技,河南辉煌科技股份有限公司,河南,郑州市,--,--,835,2009-09-29,--,,通信终端设备,监控产品、运营管理产品、信号基础设备产品、综合运维信息化及运维装备,轨道交通高端装备的研发、生产、销售、安装和维护。
779,002297,博云新材,湖南博云新材料股份有限公司,湖南,长沙市,--,--,648,2009-09-29,--,,非金属新材料,硬质合金领域、航空航天领域,航空机轮刹车系统及刹车材料、航天用炭/炭复合材料、高性能硬质合金和稀有金属粉体材料等产品的研发、生产与销售。
780,002298,中电兴发,安徽中电兴发与鑫龙科技股份有限公司,安徽,芜湖市,--,--,4264,2009-09-29,--,,其他输变电设备,自主可控智慧城市解决方案及运营服务、大数据应用及运营服务,智慧科技方向的人工智能、云、大数据、智慧应用软件等关键技术和自主产品的研究及开发。
781,002299,圣农发展,福建圣农发展股份有限公司,福建,南平市,--,--,23447,2009-10-21,--,,畜牧养殖,鸡肉、肉制品,肉鸡饲养及初加工、鸡肉产品深加工。
782,002300,太阳电缆,福建南平太阳电缆股份有限公司,福建,南平市,112.25亿,1.85亿,2004,2009-10-21,--,,电线电缆,电线电缆制造、铜加工,电线电缆制造
783,002301,齐心集团,深圳齐心集团股份有限公司,广东,深圳市,--,--,2981,2009-10-21,--,,文化用品,B2B、SaaS服务,B2B办公物资研发、生产和销售；SAAS云视频服务等。
784,002302,西部建设,中建西部建设股份有限公司,新疆,乌鲁木齐市,269.26亿,9.81亿,5614,2009-11-03,--,,其他建材,辐射水泥、外加剂、商品砂浆,专注于预拌混凝土及相关业务，在发展核心业务的基础上，致力于产业生态的打造。
785,002303,美盈森,美盈森集团股份有限公司,广东,深圳市,--,--,5201,2009-11-03,--,,包装印刷,轻型包装产品、重型包装产品、标签产品、电子功能材料模切产品,运输包装产品、精品包装产品、标签产品及电子功能材料模切产品的研发、生产与销售，并为客户提供包装产品设计、包装方案优化、包装材料第三方采购与包装产品物流配送、供应商库存管理以及现场辅助包装作业等包装一体化深度服务。
786,002304,洋河股份,江苏洋河酒厂股份有限公司,江苏,宿迁市,--,--,15831,2009-11-06,--,,白酒,酒类、红酒,白酒的生产与销售。
787,002305,南国置业,南国置业股份有限公司,湖北,武汉市,--,--,729,2009-11-06,--,,房地产开发,房地产业务,房地产的开发与运营业务。
788,002306,中科云网,中科云网科技集团股份有限公司,北京,北京市,3.17亿,480.44万,544,2009-11-11,--,,餐饮,互联网游戏、餐饮业务、房屋租赁,互联网游戏推广及运营和餐饮团膳。
789,002307,北新路桥,新疆北新路桥集团股份有限公司,新疆,乌鲁木齐市,--,--,3963,2009-11-11,--,,路桥建设,施工业、工业、租赁业、金融业、商业、房地产销售,公路工程、桥梁工程、隧道工程和市政交通工程等公共交通基础设施的施工。
790,002308,威创股份,威创集团股份有限公司,广东,广州市,--,--,1040,2009-11-27,--,,专用计算机设备,超高分辨率数字拼接墙系统、幼儿园运营管理服务,超高分辨率数字拼接墙系统的研发、制造、营销和服务。
791,002309,中利集团,江苏中利集团股份有限公司,江苏,苏州市,--,--,6554,2009-11-27,--,,太阳能,特种电缆业务、太阳能光伏、通信、光棒光纤,特种电缆业务和新能源光伏组件业务板块。
792,002310,东方园林,北京东方园林环境股份有限公司,北京,北京市,--,--,3459,2009-11-27,--,,园林工程,工程建设、环保业务、设计规划、苗木,"生态湿地、园林建设和水利市政等设计施工,向政府提供集生态城市规划、水利工程设计、市政工程施工一体化的全产业链服务。"
793,002311,海大集团,广东海大集团股份有限公司,广东,广州市,--,--,26241,2009-11-27,--,,饲料,饲料、动保产品、农产品、贸易,围绕动物养殖提供整体解决方案。
794,002312,川发龙蟒,四川发展龙蟒股份有限公司,四川,成都市,--,--,3379,2009-12-03,--,,金融设备,磷化工,磷化工业务。
795,002313,日海智能,日海智能科技股份有限公司,广东,深圳市,--,--,2610,2009-12-03,--,,通信传输设备,AI物联网,通信设备制造及通信工程服务业务；无线通信模组产品的研发与销售。
796,002314,南山控股,深圳市新南山控股(集团)股份有限公司,广东,深圳市,--,--,3259,2009-12-03,--,,房地产开发,房地产业务、仓储物流业务、制造业业务、产城综合开发业务,一家以现代高端仓储物流为战略性业务，以房地产开发为支撑性业务，以产城综合开发为培育性业务的综合性企业集团。
797,002315,焦点科技,焦点科技股份有限公司,江苏,南京市,14.75亿,2.48亿,2363,2009-12-09,--,,电子商务B2B,外贸B2B电子商务平台、互联网保险代理电子商务平台、内贸B2B电子商务平台,全链路外贸服务综合平台、跨境B2B电子商务平台、互联网保险代理电子商务平台以及与各平台业务相关联的综合服务。
798,002316,亚联发展,深圳亚联发展科技股份有限公司,广东,深圳市,--,--,994,2009-12-09,--,,通信配套服务,专网通讯技术解决方案、交通工程系统集成、收单服务、硬件销售,"在智慧经营领域主要从事第三方支付业务及金融科技业务,公司智慧专网领域主要为能源、交通等行业提供信息通信技术解决方案。"
799,002317,众生药业,广东众生药业股份有限公司,广东,东莞市,--,--,1556,2009-12-11,--,,中药生产,中成药、化学药、中药材、中药饮片、化学原料药,药品研发、生产、销售。
800,002318,久立特材,浙江久立特材科技股份有限公司,浙江,湖州市,--,--,3042,2009-12-11,--,,特钢,无缝管、焊接管、管道件,"工业用不锈钢管及特种合金的管材,管件,法兰,棒材及管道预制件的研发,生产,销售。"
